"","V1","V2"
"1",0,0
"2",1,57.14597
"3",2,350.2678
"4",3,769.4892
"5",4,1176.1295
"6",5,1542.916
"7",6,1856.443
"8",7,2042.126
"9",8,8879.884
"10",9,5007.472
"11",10,3870.447
"12",11,3327.243
"13",12,4240.603
"14",13,3698.557
"15",14,3260.719
"16",15,3062.2265
"17",16,18501.88
"18",17,11246.285
"19",18,8436.014
"20",19,6781.642
"21",20,8553.6825
"22",21,7044.7705
"23",22,6111.4775
"24",23,5506.1725
"25",24,22650.78
"26",25,15077.12
"27",26,11798.66
"28",27,9749.4975
"29",28,11725.455
"30",29,9769.8345
"31",30,8669.8665
"32",31,7678.3735
"33",32,23803.405
"34",33,17606.66
"35",34,14341.78
"36",35,11810.16
"37",36,13624.715
"38",37,11854.635
"39",38,10603.222
"40",39,9403.5235
"41",40,24418.58
"42",41,19460.345
"43",42,16177.54
"44",43,13696.74
"45",44,15885.585
"46",45,13772.9
"47",46,12223.72
"48",47,10960.375
"49",48,25912.025
"50",49,21160.46
"51",50,17833.115
"52",51,15453.865
"53",52,17480.215
"54",53,15269.215
"55",54,13717.945
"56",55,12363.93
"57",56,27307.415
"58",57,22450.975
"59",58,19436.96
"60",59,16954.65
"61",60,18802.855
"62",61,16706.455
"63",62,15179.73
"64",63,13686.175
"65",64,26963.845
"66",65,23810.765
"67",66,20808.995
"68",67,18027.805
"69",68,20171.135
"70",69,17914.79
"71",70,16278.915
"72",71,14626.5
"73",72,28624.565
"74",73,24425.155
"75",74,21682.665
"76",75,19280.11
"77",76,21157.66
"78",77,18836.425
"79",78,17229.55
"80",79,15622.81
"81",80,28611.965
"82",81,24624.765
"83",82,21891.56
"84",83,19531.1
"85",84,21481.72
"86",85,19267.48
"87",86,17922.22
"88",87,16359.675
"89",88,28540.49
"90",89,25075.57
"91",90,22484.66
"92",91,20152.435
"93",92,21897.76
"94",93,19827.22
"95",94,18516.72
"96",95,16996.63
"97",96,28428.225
"98",97,24975.765
"99",98,23045.46
"100",99,20819
"101",100,22374.28
"102",101,20499.285
"103",102,19037.235
"104",103,17638.58
"105",104,28653.65
"106",105,25409.1
"107",106,23385.235
"108",107,21386.305
"109",108,22837.925
"110",109,20970.795
"111",110,19581.705
"112",111,18151.87
"113",112,28335.22
"114",113,25743.745
"115",114,23555.33
"116",115,21709.25
"117",116,23144.58
"118",117,21251.12
"119",118,20097.65
"120",119,18636.155
"121",120,28471.845
"122",121,25880.01
"123",122,24032.815
"124",123,22173.885
"125",124,23596.935
"126",125,21926.885
"127",126,20660.87
"128",127,19219.485
"129",128,28144.505
"130",129,26142.36
"131",130,24382.925
"132",131,22278.96
"133",132,23756.265
"134",133,21839.275
"135",134,20766.885
"136",135,19348.465
"137",136,28870.545
"138",137,26136.655
"139",138,24618.54
"140",139,22492.23
"141",140,23990.24
"142",141,22287.355
"143",142,21182.61
"144",143,19654.44
"145",144,28956.66
"146",145,26403
"147",146,24733.155
"148",147,22707.63
"149",148,24476.695
"150",149,22582.415
"151",150,21586.29
"152",151,19960.525
"153",152,29176.095
"154",153,26570.755
"155",154,24933.655
"156",155,22807.135
"157",156,24570.62
"158",157,22747.17
"159",158,21619.265
"160",159,20122.55
"161",160,29061.075
"162",161,26576.105
"163",162,24949.325
"164",163,22826.795
"165",164,24689.56
"166",165,22731.345
"167",166,21675.585
"168",167,20115.37
"169",168,28999.58
"170",169,26571.285
"171",170,24830.285
"172",171,22392.67
"173",172,24702.345
"174",173,22953.54
"175",174,21792.165
"176",175,20212.79
"177",176,29086.51
"178",177,26700.255
"179",178,25078.335
"180",179,22848.89
"181",180,24795.09
"182",181,23054.71
"183",182,21907.545
"184",183,20120.975
"185",184,29132.955
"186",185,26607.465
"187",186,25069.16
"188",187,22749.715
"189",188,25018.51
"190",189,23154.74
"191",190,21872.665
"192",191,20131.835
"193",192,29272.375
"194",193,26738.44
"195",194,25098.055
"196",195,22627.63
"197",196,24987.885
"198",197,22871.445
"199",198,21745.29
"200",199,20128.785
"201",200,29207.6
"202",201,26802.46
"203",202,25086.3
"204",203,22826.825
"205",204,24942.87
"206",205,22918.955
"207",206,21933.515
"208",207,20330.15
"209",208,29330.41
"210",209,27020.75
"211",210,25334.725
"212",211,23062.97
"213",212,25188.34
"214",213,23683.115
"215",214,22275.4
"216",215,20660.95
"217",216,29337.985
"218",217,27166.035
"219",218,25573.01
"220",219,23375.76
"221",220,25413.435
"222",221,23766.84
"223",222,22529.36
"224",223,20867.355
"225",224,29749.11
"226",225,27423.565
"227",226,25836.4
"228",227,23597.555
"229",228,25699.275
"230",229,24065.17
"231",230,22884.175
"232",231,21078.595
"233",232,29697.2
"234",233,27428.695
"235",234,25964.215
"236",235,23854.66
"237",236,26005.95
"238",237,24409.22
"239",238,23082.1
"240",239,20970.435
"241",240,29940.475
"242",241,27690.495
"243",242,26271.87
"244",243,24186.645
"245",244,26273.36
"246",245,24508.175
"247",246,23385.715
"248",247,21761.64
"249",248,30088.525
"250",249,27890.805
"251",250,26227.245
"252",251,24223.9
"253",252,26259.035
"254",253,24262.155
"255",254,23045.745
"256",255,21391.935
"257",256,30165.29
"258",257,24959.125
"259",258,23808.635
"260",259,22329.16
"261",260,24166.94
"262",261,22843.16
"263",262,21977.925
"264",263,20570.585
"265",264,27104.77
"266",265,25545.61
"267",266,24244.49
"268",267,22558.72
"269",268,24179.97
"270",269,22939.82
"271",270,21881.135
"272",271,20305.395
"273",272,27366.155
"274",273,25791.105
"275",274,24647.985
"276",275,23028.26
"277",276,24661.125
"278",277,23344.39
"279",278,22272.7
"280",279,21114.01
"281",280,27778.74
"282",281,26195.82
"283",282,25039.055
"284",283,23355.16
"285",284,24936.185
"286",285,23650.285
"287",286,22685.365
"288",287,21451.2
"289",288,27880.32
"290",289,26385.53
"291",290,25301.205
"292",291,23614.73
"293",292,25100.73
"294",293,23878.3
"295",294,22917.94
"296",295,21774.48
"297",296,28035.735
"298",297,26615.545
"299",298,25492.48
"300",299,23942.185
"301",300,25327.245
"302",301,24159.62
"303",302,23299.09
"304",303,21955.535
"305",304,28365.075
"306",305,26744.455
"307",306,25636.675
"308",307,23996
"309",308,25417.08
"310",309,24304.23
"311",310,23499.2
"312",311,22221.865
"313",312,28531.79
"314",313,26959.38
"315",314,25953.07
"316",315,24258.9
"317",316,25711.93
"318",317,24279.48
"319",318,23667.535
"320",319,22337.11
"321",320,28405.765
"322",321,27121.23
"323",322,25850.945
"324",323,24527.395
"325",324,25807.25
"326",325,24538.99
"327",326,23733.53
"328",327,22490.695
"329",328,28756.125
"330",329,27354.295
"331",330,26164.015
"332",331,24716.3
"333",332,26086.7
"334",333,24835.615
"335",334,23928.27
"336",335,22673.39
"337",336,28704.59
"338",337,27301.13
"339",338,26217.52
"340",339,24700.69
"341",340,25389.885
"342",341,24400.065
"343",342,23662.275
"344",343,22460.815
"345",344,28819.155
"346",345,27360.815
"347",346,26561.37
"348",347,25004.775
"349",348,26373.48
"350",349,25182.655
"351",350,24401.79
"352",351,23003.58
"353",352,29147.32
"354",353,27659.52
"355",354,26509.555
"356",355,25144.075
"357",356,26442.15
"358",357,25199.775
"359",358,24175.68
"360",359,23044.215
"361",360,29114.8
"362",361,27756.125
"363",362,26545.285
"364",363,25170.555
"365",364,26422.835
"366",365,25343.885
"367",366,24374.585
"368",367,23254.27
"369",368,29193.335
"370",369,27784.645
"371",370,26860.24
"372",371,25325.52
"373",372,26659.905
"374",373,25374.12
"375",374,24562.83
"376",375,23282.815
"377",376,29259.78
"378",377,28005.005
"379",378,26873.09
"380",379,25371.065
"381",380,26623.28
"382",381,25546.035
"383",382,24736.21
"384",383,23367.365
"385",384,29068.175
"386",385,27834.72
"387",386,26934.55
"388",387,25414.78
"389",388,26797.945
"390",389,25687.82
"391",390,24786.26
"392",391,23541.605
"393",392,29253.625
"394",393,28112.31
"395",394,27027.775
"396",395,25562.565
"397",396,26914.885
"398",397,25785.38
"399",398,24982.825
"400",399,23717.815
"401",400,29487.685
"402",401,28196.605
"403",402,27195.15
"404",403,25716.08
"405",404,26979.78
"406",405,25932.6
"407",406,25133.47
"408",407,23765.085
"409",408,29419.34
"410",409,28205.59
"411",410,27016.945
"412",411,25543.715
"413",412,26893.315
"414",413,25956.75
"415",414,25176.1
"416",415,23934.635
"417",416,29550.66
"418",417,28370.33
"419",418,27319.66
"420",419,25630.425
"421",420,27131.015
"422",421,26031.4
"423",422,25281.55
"424",423,23793.85
"425",424,29635.75
"426",425,28361.25
"427",426,27347.615
"428",427,25803.93
"429",428,27069.08
"430",429,26061.57
"431",430,25398.845
"432",431,24067.77
"433",432,29521.65
"434",433,28365.535
"435",434,27469.705
"436",435,26016.245
"437",436,27215.225
"438",437,26217.78
"439",438,25406.29
"440",439,24008.58
"441",440,29631.75
"442",441,28424.035
"443",442,27539.335
"444",443,26113.6
"445",444,27291.635
"446",445,26276.605
"447",446,25489.595
"448",447,24332.94
"449",448,29577.07
"450",449,28446.535
"451",450,27584.015
"452",451,26292.05
"453",452,27420.795
"454",453,26475.3
"455",454,25697.41
"456",455,24374.76
"457",456,29764.185
"458",457,28662.07
"459",458,27689.835
"460",459,26259.935
"461",460,27546.695
"462",461,26633.16
"463",462,25882.34
"464",463,24632.955
"465",464,29837.425
"466",465,28498.845
"467",466,27764.545
"468",467,26426.96
"469",468,27678.67
"470",469,26814.83
"471",470,25946.95
"472",471,24658.25
"473",472,29813.125
"474",473,28868.115
"475",474,27906.765
"476",475,26563.365
"477",476,27703.17
"478",477,26617.205
"479",478,26038.61
"480",479,24719.03
"481",480,30101.435
"482",481,28909.58
"483",482,27930.285
"484",483,26765.985
"485",484,27832.325
"486",485,26639.62
"487",486,26242.615
"488",487,25000.585
"489",488,29934.03
"490",489,29058.625
"491",490,28076.045
"492",491,26736.045
"493",492,27969.01
"494",493,26896.39
"495",494,26250.175
"496",495,25129.66
"497",496,30159.18
"498",497,29021.805
"499",498,28073.105
"500",499,26703.83
"501",500,27705.785
"502",501,26884.57
"503",502,26115.955
"504",503,25077.22
"505",504,29933.86
"506",505,28446.09
"507",506,27516.23
"508",507,25990.5
"509",508,26587.73
"510",509,26046.17
"511",510,25484.355
"512",511,24232.8
"513",512,29216.73
"514",513,26301.98
"515",514,26135.08
"516",515,24982.395
"517",516,25786.65
"518",517,25135.555
"519",518,24505.915
"520",519,23626.97
"521",520,28355.415
"522",521,27569.89
"523",522,26793.165
"524",523,25574.75
"525",524,26523.045
"526",525,25819.145
"527",526,25387.515
"528",527,24301.135
"529",528,28748.54
"530",529,27858.58
"531",530,27118.925
"532",531,25842.32
"533",532,26913.31
"534",533,26105.695
"535",534,25351.67
"536",535,24482.24
"537",536,28788.505
"538",537,27800.91
"539",538,27081.955
"540",539,25864.595
"541",540,27029.37
"542",541,26182.3
"543",542,25661.71
"544",543,24635.275
"545",544,28924.745
"546",545,28082.755
"547",546,27374.425
"548",547,26227.785
"549",548,27032.225
"550",549,26307.33
"551",550,25629.66
"552",551,24810.605
"553",552,28984.44
"554",553,28091.905
"555",554,27490.25
"556",555,26295.445
"557",556,27162.915
"558",557,26505.485
"559",558,25825.415
"560",559,24907.34
"561",560,28970.55
"562",561,28093.695
"563",562,27399.665
"564",563,26414.22
"565",564,27308.745
"566",565,26430.12
"567",566,25953.19
"568",567,25054.33
"569",568,29100.465
"570",569,28235.94
"571",570,27629.38
"572",571,26577.625
"573",572,27459.335
"574",573,26658.97
"575",574,26083.25
"576",575,25153.21
"577",576,29118.61
"578",577,28309.325
"579",578,27672.8
"580",579,26706.03
"581",580,27527.82
"582",581,26755.37
"583",582,26199.725
"584",583,25175.905
"585",584,29253.275
"586",585,28330.595
"587",586,27666.095
"588",587,26652.835
"589",588,27577.415
"590",589,26726.43
"591",590,26269.795
"592",591,25275.83
"593",592,29234.73
"594",593,28502.16
"595",594,27738.115
"596",595,26776.07
"597",596,27584.815
"598",597,26696.01
"599",598,26179.915
"600",599,25317.33
"601",600,29390.14
"602",601,28573.36
"603",602,27873.565
"604",603,26797.72
"605",604,27767.15
"606",605,26792.235
"607",606,26268.735
"608",607,25341.45
"609",608,29330.54
"610",609,28575.4
"611",610,27930.46
"612",611,26847.355
"613",612,27620.055
"614",613,26938.45
"615",614,26311.815
"616",615,25335.38
"617",616,29335.255
"618",617,28573.24
"619",618,28014.725
"620",619,26945.07
"621",620,27785.625
"622",621,27113.525
"623",622,26476.265
"624",623,25433.14
"625",624,29521.76
"626",625,28692.785
"627",626,27951.77
"628",627,27027.31
"629",628,27859.425
"630",629,27140.41
"631",630,26525.915
"632",631,25577.825
"633",632,29532.77
"634",633,28613.44
"635",634,27986.205
"636",635,26946.53
"637",636,27901.06
"638",637,27108.105
"639",638,26496.28
"640",639,25541.24
"641",640,29273.58
"642",641,28675.895
"643",642,28116.73
"644",643,27021.605
"645",644,27910.8
"646",645,27193.325
"647",646,26675.805
"648",647,25663.85
"649",648,29592.15
"650",649,28755.41
"651",650,28185.82
"652",651,27072.275
"653",652,27928.53
"654",653,27295.285
"655",654,26702.86
"656",655,25827.54
"657",656,29560.23
"658",657,28842.825
"659",658,28191.77
"660",659,27115.615
"661",660,27885.55
"662",661,27368.215
"663",662,26748.67
"664",663,25810.035
"665",664,29686.935
"666",665,28933.365
"667",666,28257.42
"668",667,27208.23
"669",668,28053.625
"670",669,27365.335
"671",670,26850.635
"672",671,25716.39
"673",672,29563.18
"674",673,28923.13
"675",674,28409.65
"676",675,27205.555
"677",676,28169.25
"678",677,27342.365
"679",678,26874.885
"680",679,25838.57
"681",680,29590.735
"682",681,28087.535
"683",682,27726.87
"684",683,26735.245
"685",684,27410.17
"686",685,27278.57
"687",686,26800.285
"688",687,25808.56
"689",688,29650.17
"690",689,28932.215
"691",690,28323.93
"692",691,27338.04
"693",692,28166.145
"694",693,27467.63
"695",694,26770.2
"696",695,25966.24
"697",696,29716.605
"698",697,28970.09
"699",698,28364.465
"700",699,27487.74
"701",700,28304.7
"702",701,27498.915
"703",702,27085.195
"704",703,26222.695
"705",704,29788.185
"706",705,29177.34
"707",706,28415.465
"708",707,27531.715
"709",708,28378.45
"710",709,27495.28
"711",710,27138.28
"712",711,26193.375
"713",712,29707.49
"714",713,29118.74
"715",714,28516.02
"716",715,27363.93
"717",716,28138.635
"718",717,27424.52
"719",718,26980.515
"720",719,26169.95
"721",720,29688.57
"722",721,29050.1
"723",722,28607.915
"724",723,27537.93
"725",724,28344.165
"726",725,27820.32
"727",726,27169.725
"728",727,26179.82
"729",728,29821.51
"730",729,29277.375
"731",730,28600.9
"732",731,27614.72
"733",732,28382.465
"734",733,27706.725
"735",734,27339.045
"736",735,26489.26
"737",736,29976.855
"738",737,29312.545
"739",738,28682
"740",739,27699.59
"741",740,28440.68
"742",741,27899
"743",742,27383.655
"744",743,26511.02
"745",744,30001.48
"746",745,29376.48
"747",746,28780.36
"748",747,27813.105
"749",748,28587.865
"750",749,27928.155
"751",750,27423.035
"752",751,26170.665
"753",752,30143.62
"754",753,29349.32
"755",754,28803.875
"756",755,27834.595
"757",756,28660.69
"758",757,28033.885
"759",758,27459.06
"760",759,26548.095
"761",760,30014.475
"762",761,29301.78
"763",762,28682.64
"764",763,27669.65
"765",764,28478.22
"766",765,27202.315
"767",766,26380.87
"768",767,25537.83
"769",768,29677.54
"770",769,27477.16
"771",770,26974.245
"772",771,26381.875
"773",772,27544.77
"774",773,26949.78
"775",774,26536.595
"776",775,25833.31
"777",776,28795.5
"778",777,28306.905
"779",778,27783.85
"780",779,26988.6
"781",780,27565.84
"782",781,26951.895
"783",782,26624.925
"784",783,25685.99
"785",784,28958.365
"786",785,28386.865
"787",786,27970.14
"788",787,27068.07
"789",788,27791.135
"790",789,27175.54
"791",790,26580.88
"792",791,25958.54
"793",792,29027.675
"794",793,28557.915
"795",794,28056.3
"796",795,27228.14
"797",796,27797.96
"798",797,27369.85
"799",798,26790.105
"800",799,25979.955
"801",800,29156.195
"802",801,28451.71
"803",802,28076.205
"804",803,26881.345
"805",804,27574.25
"806",805,26806.82
"807",806,26594.78
"808",807,25885.3
"809",808,29087.51
"810",809,28444.2
"811",810,28031.1
"812",811,27146.885
"813",812,27898.39
"814",813,27265.78
"815",814,26817.395
"816",815,26051.635
"817",816,29069.56
"818",817,28392.77
"819",818,27909.47
"820",819,26981.11
"821",820,27703.015
"822",821,27176.2
"823",822,26817.29
"824",823,26139.405
"825",824,29099.975
"826",825,28594.54
"827",826,28103.475
"828",827,27162.46
"829",828,27916.7
"830",829,27188.925
"831",830,26847.36
"832",831,26162.11
"833",832,28977.695
"834",833,28509.785
"835",834,27996.79
"836",835,27186.635
"837",836,27901.92
"838",837,27172.065
"839",838,26819.755
"840",839,26126.91
"841",840,29031.625
"842",841,28576.465
"843",842,28101.41
"844",843,27283.75
"845",844,27961.08
"846",845,27380.775
"847",846,26869.75
"848",847,26214.325
"849",848,28981.165
"850",849,28408.82
"851",850,27780.555
"852",851,27105.715
"853",852,26836.375
"854",853,26598.385
"855",854,26261.74
"856",855,25293.555
"857",856,28881.665
"858",857,28399.895
"859",858,28047.31
"860",859,27266.11
"861",860,27897.39
"862",861,27313.72
"863",862,26722.325
"864",863,26097.865
"865",864,29009.25
"866",865,28543.605
"867",866,28031.615
"868",867,27247.68
"869",868,27860.39
"870",869,27256.54
"871",870,26736.095
"872",871,26063.465
"873",872,29003.605
"874",873,28522.875
"875",874,27954.47
"876",875,27169.075
"877",876,27736.605
"878",877,27166.765
"879",878,26554.52
"880",879,25991.975
"881",880,28954.915
"882",881,28286.31
"883",882,27837.465
"884",883,27094.395
"885",884,27710.6
"886",885,27172.905
"887",886,26708.97
"888",887,26085.355
"889",888,28869.65
"890",889,28285.62
"891",890,27842.22
"892",891,27021.59
"893",892,27793.295
"894",893,26865.145
"895",894,26545.195
"896",895,26019.88
"897",896,28794.885
"898",897,28141.88
"899",898,27740.115
"900",899,26975.04
"901",900,27611.55
"902",901,27007.045
"903",902,26683.705
"904",903,26022.61
"905",904,28815.865
"906",905,28098.925
"907",906,27589.675
"908",907,26892.4
"909",908,27643.795
"910",909,27035.9
"911",910,26450.595
"912",911,25963.395
"913",912,28843.465
"914",913,28210.365
"915",914,27688.875
"916",915,26957.325
"917",916,27530.24
"918",917,26973.765
"919",918,26470.23
"920",919,25857.78
"921",920,28557.58
"922",921,28084.655
"923",922,27389.96
"924",923,26852.585
"925",924,27482.04
"926",925,26925.275
"927",926,26476.135
"928",927,25796.905
"929",928,28750.73
"930",929,27915.59
"931",930,27484.74
"932",931,26830.315
"933",932,27522.77
"934",933,26873.31
"935",934,26304.62
"936",935,25734.25
"937",936,28598.9
"938",937,27958.64
"939",938,27358.45
"940",939,26816.985
"941",940,27412.37
"942",941,26867.435
"943",942,26415.685
"944",943,25743.475
"945",944,28659.5
"946",945,27892.28
"947",946,27483.475
"948",947,26765.18
"949",948,27387.91
"950",949,26821.8
"951",950,26224.545
"952",951,25667.385
"953",952,28390.375
"954",953,27940.23
"955",954,27409.17
"956",955,26750.47
"957",956,27440.975
"958",957,26810.895
"959",958,26298.3
"960",959,25714.34
"961",960,28637.855
"962",961,27901.65
"963",962,27312.33
"964",963,26597.945
"965",964,27216.15
"966",965,26680.65
"967",966,26142.47
"968",967,25564.595
"969",968,28409.375
"970",969,27945.73
"971",970,27326.87
"972",971,26737.045
"973",972,27404.215
"974",973,26889.675
"975",974,26310.53
"976",975,25871.82
"977",976,28541.9
"978",977,27919.88
"979",978,27204.46
"980",979,26678.865
"981",980,27162.095
"982",981,26778.775
"983",982,26031.63
"984",983,25609.5
"985",984,28283.895
"986",985,27832.48
"987",986,27185.65
"988",987,26659.21
"989",988,27339.735
"990",989,26813.98
"991",990,26302.015
"992",991,25740.945
"993",992,28652.98
"994",993,27884.41
"995",994,27339.855
"996",995,26721.19
"997",996,27370.76
"998",997,26595.085
"999",998,26305.035
"1000",999,25583.685
"1001",1000,28484.125
"1002",1001,27708.855
"1003",1002,27203.445
"1004",1003,26651.755
"1005",1004,27288.42
"1006",1005,26812.305
"1007",1006,26245.815
"1008",1007,25873.81
"1009",1008,28583.71
"1010",1009,27869.55
"1011",1010,27255.21
"1012",1011,26574.95
"1013",1012,27233.64
"1014",1013,26564.115
"1015",1014,26112.725
"1016",1015,25636.19
"1017",1016,28338.91
"1018",1017,27226.415
"1019",1018,26495.3
"1020",1019,25902.14
"1021",1020,26315.61
"1022",1021,25984.46
"1023",1022,25444.97
"1024",1023,25130.96
"1025",1024,28024.525
"1026",1025,26402.85
"1027",1026,25932.05
"1028",1027,25411.235
"1029",1028,25769.755
"1030",1029,25396.68
"1031",1030,24921.325
"1032",1031,24537.63
"1033",1032,27083.055
"1034",1033,26588.45
"1035",1034,26163.615
"1036",1035,25607.715
"1037",1036,26187.48
"1038",1037,25723.6
"1039",1038,25351.13
"1040",1039,24909.745
"1041",1040,27413.08
"1042",1041,26767.435
"1043",1042,26314.465
"1044",1043,25679.61
"1045",1044,26336.125
"1046",1045,25869.335
"1047",1046,25313.09
"1048",1047,24991.23
"1049",1048,27372.34
"1050",1049,26737.355
"1051",1050,26415.665
"1052",1051,25732.895
"1053",1052,26388.545
"1054",1053,25970.29
"1055",1054,25489.41
"1056",1055,24966.5
"1057",1056,27502.59
"1058",1057,26776.4
"1059",1058,26393.43
"1060",1059,25827.155
"1061",1060,26243.785
"1062",1061,25789.905
"1063",1062,25464.82
"1064",1063,24887.575
"1065",1064,27235.215
"1066",1065,26774.665
"1067",1066,26324.515
"1068",1067,25822.375
"1069",1068,26357.875
"1070",1069,25820.55
"1071",1070,25421.445
"1072",1071,24959.38
"1073",1072,27425.39
"1074",1073,26735.77
"1075",1074,26186.395
"1076",1075,25741.46
"1077",1076,26247.915
"1078",1077,25768.16
"1079",1078,25434.105
"1080",1079,25013.55
"1081",1080,27251.2
"1082",1081,26745.455
"1083",1082,26285.87
"1084",1083,25780.055
"1085",1084,26361.85
"1086",1085,25871.615
"1087",1086,25435.965
"1088",1087,25024.725
"1089",1088,27273.65
"1090",1089,26842.42
"1091",1090,26257.1
"1092",1091,25651.325
"1093",1092,26304.415
"1094",1093,25750.12
"1095",1094,25434.035
"1096",1095,25039.83
"1097",1096,27105.08
"1098",1097,26692.075
"1099",1098,26196.82
"1100",1099,25595.66
"1101",1100,26270.51
"1102",1101,25781.04
"1103",1102,25388.505
"1104",1103,24968.055
"1105",1104,27322.955
"1106",1105,26710.145
"1107",1106,26206.825
"1108",1107,25692.19
"1109",1108,26194.43
"1110",1109,25644.12
"1111",1110,25354.68
"1112",1111,24816.23
"1113",1112,27133.9
"1114",1113,26696.92
"1115",1114,26255.145
"1116",1115,25798.395
"1117",1116,26419.55
"1118",1117,25938.625
"1119",1118,25540.375
"1120",1119,25219.28
"1121",1120,27482.42
"1122",1121,26850.33
"1123",1122,26366.21
"1124",1123,25989.44
"1125",1124,26346.78
"1126",1125,25943.075
"1127",1126,25512.095
"1128",1127,24976.23
"1129",1128,27265.73
"1130",1129,26628.955
"1131",1130,26340.91
"1132",1131,25881.22
"1133",1132,26428.495
"1134",1133,26001.35
"1135",1134,25627.2
"1136",1135,25119.47
"1137",1136,27461.13
"1138",1137,26872.72
"1139",1138,26349.845
"1140",1139,25930.56
"1141",1140,26367.15
"1142",1141,25988.25
"1143",1142,25466.865
"1144",1143,25178.625
"1145",1144,27224.285
"1146",1145,26866.575
"1147",1146,26374.995
"1148",1147,25994.015
"1149",1148,26481.93
"1150",1149,25920.945
"1151",1150,25458.48
"1152",1151,25083.755
"1153",1152,27802.38
"1154",1153,26849.08
"1155",1154,26346.04
"1156",1155,25923.08
"1157",1156,26318.06
"1158",1157,25992.715
"1159",1158,25506.18
"1160",1159,25239.705
"1161",1160,27353.565
"1162",1161,26958.43
"1163",1162,26299.96
"1164",1163,26024.67
"1165",1164,26657.745
"1166",1165,26179.85
"1167",1166,25800.375
"1168",1167,25397.34
"1169",1168,27746.145
"1170",1169,26931.17
"1171",1170,26439.62
"1172",1171,25984.775
"1173",1172,26424.365
"1174",1173,26098.085
"1175",1174,25584.335
"1176",1175,25358.93
"1177",1176,27435.175
"1178",1177,27007.175
"1179",1178,26414.545
"1180",1179,26143.465
"1181",1180,26748.22
"1182",1181,26326.935
"1183",1182,25812.415
"1184",1183,25531.44
"1185",1184,27912.225
"1186",1185,27131.28
"1187",1186,26572.715
"1188",1187,26247.265
"1189",1188,26715.38
"1190",1189,26257.67
"1191",1190,25782.155
"1192",1191,25256.615
"1193",1192,27527.215
"1194",1193,26165.045
"1195",1194,25790.465
"1196",1195,25825.56
"1197",1196,26123.8
"1198",1197,26088.875
"1199",1198,25680.92
"1200",1199,25333.705
"1201",1200,27899.935
"1202",1201,27090.355
"1203",1202,26640.095
"1204",1203,26225.905
"1205",1204,26664.175
"1206",1205,26203.28
"1207",1206,25849.545
"1208",1207,25470.68
"1209",1208,27691.01
"1210",1209,27111.13
"1211",1210,26527.9
"1212",1211,26268.89
"1213",1212,26827.025
"1214",1213,26409.775
"1215",1214,25874.885
"1216",1215,25497.355
"1217",1216,28060.87
"1218",1217,27046.64
"1219",1218,26690.75
"1220",1219,26164.34
"1221",1220,26775.44
"1222",1221,26226.31
"1223",1222,25848.295
"1224",1223,25539.78
"1225",1224,27638.51
"1226",1225,27121.055
"1227",1226,26517.105
"1228",1227,26092.74
"1229",1228,26770.425
"1230",1229,26312.94
"1231",1230,25901.42
"1232",1231,25507.26
"1233",1232,28028.56
"1234",1233,27211.925
"1235",1234,26726.22
"1236",1235,26306.27
"1237",1236,26787.81
"1238",1237,26344.635
"1239",1238,25858.805
"1240",1239,25548.885
"1241",1240,27786.06
"1242",1241,27178.305
"1243",1242,26637.99
"1244",1243,26338.2
"1245",1244,27024.915
"1246",1245,26393.055
"1247",1246,25878.415
"1248",1247,25653.96
"1249",1248,28072.69
"1250",1249,27189.89
"1251",1250,26714.2
"1252",1251,26375.05
"1253",1252,26991.87
"1254",1253,26457.2
"1255",1254,25951.19
"1256",1255,25685.12
"1257",1256,27866.575
"1258",1257,27262.365
"1259",1258,26741.405
"1260",1259,26448.715
"1261",1260,27035.965
"1262",1261,26540.05
"1263",1262,26069.04
"1264",1263,25640.13
"1265",1264,28053.97
"1266",1265,27235.57
"1267",1266,26782.485
"1268",1267,26323.64
"1269",1268,27006.49
"1270",1269,26524.195
"1271",1270,26017.84
"1272",1271,25716.41
"1273",1272,28022.185
"1274",1273,27202.805
"1275",1274,26714.805
"1276",1275,26446.13
"1277",1276,26954.525
"1278",1277,25979.17
"1279",1278,25240.685
"1280",1279,25048.6
"1281",1280,28080.87
"1282",1281,26245.605
"1283",1282,25369.905
"1284",1283,25475.425
"1285",1284,26342.27
"1286",1285,25810.94
"1287",1286,25379.99
"1288",1287,25214.42
"1289",1288,27300.595
"1290",1289,26619.315
"1291",1290,26315.15
"1292",1291,25883.43
"1293",1292,26441.095
"1294",1293,26018.19
"1295",1294,25525.895
"1296",1295,25194.095
"1297",1296,27440.275
"1298",1297,26646.795
"1299",1298,26281.395
"1300",1299,25954.85
"1301",1300,26327.575
"1302",1301,25923.215
"1303",1302,25647.38
"1304",1303,25322.455
"1305",1304,27186.635
"1306",1305,26628.01
"1307",1306,26368.85
"1308",1307,25879.9
"1309",1308,26311.07
"1310",1309,26002.195
"1311",1310,25729.93
"1312",1311,25319.37
"1313",1312,27377.505
"1314",1313,26769.61
"1315",1314,26371.705
"1316",1315,25926.945
"1317",1316,26286.225
"1318",1317,25990.19
"1319",1318,25590.31
"1320",1319,25336.96
"1321",1320,27207.55
"1322",1321,26752.585
"1323",1322,26347.17
"1324",1323,26021.315
"1325",1324,26513.22
"1326",1325,26080.395
"1327",1326,25758.535
"1328",1327,25420.43
"1329",1328,27558.07
"1330",1329,26715.95
"1331",1330,26370.795
"1332",1331,26007.725
"1333",1332,26628.875
"1334",1333,25926.11
"1335",1334,25669.295
"1336",1335,25418.865
"1337",1336,27348.875
"1338",1337,26747.115
"1339",1338,26368.115
"1340",1339,26042.98
"1341",1340,26613.895
"1342",1341,26088.7
"1343",1342,25859.2
"1344",1343,25524.405
"1345",1344,27586.545
"1346",1345,26881.37
"1347",1346,26506.345
"1348",1347,26192.93
"1349",1348,26567.095
"1350",1349,26239.985
"1351",1350,25804.87
"1352",1351,25465.715
"1353",1352,27410.665
"1354",1353,26894.905
"1355",1354,26480.04
"1356",1355,26118.085
"1357",1356,26609.49
"1358",1357,26327.52
"1359",1358,25857.2
"1360",1359,25557.21
"1361",1360,27674.055
"1362",1361,26806.065
"1363",1362,26458.025
"1364",1363,26154.34
"1365",1364,25875.46
"1366",1365,25740.995
"1367",1366,25350.675
"1368",1367,24823.03
"1369",1368,27356.575
"1370",1369,26922.875
"1371",1370,26564.295
"1372",1371,26213.79
"1373",1372,26756.075
"1374",1373,26393.415
"1375",1374,25905.675
"1376",1375,25643.13
"1377",1376,27662.595
"1378",1377,27015.9
"1379",1378,26579.51
"1380",1379,26220.86
"1381",1380,26535.67
"1382",1381,26230.525
"1383",1382,25914.525
"1384",1383,25602.55
"1385",1384,27376.57
"1386",1385,26926.695
"1387",1386,26521.205
"1388",1387,26179.315
"1389",1388,26632.945
"1390",1389,26211.095
"1391",1390,25794.855
"1392",1391,25557.17
"1393",1392,27659.375
"1394",1393,26909.585
"1395",1394,26540.57
"1396",1395,26239.38
"1397",1396,26608.88
"1398",1397,26256.64
"1399",1398,25986.59
"1400",1399,25619.345
"1401",1400,27489.395
"1402",1401,26987.955
"1403",1402,26624.435
"1404",1403,26270.91
"1405",1404,26792.695
"1406",1405,26326.375
"1407",1406,25887.175
"1408",1407,25555.46
"1409",1408,27698.31
"1410",1409,26905.83
"1411",1410,26569.395
"1412",1411,26173.01
"1413",1412,26566.025
"1414",1413,26251.2
"1415",1414,25904.065
"1416",1415,25569.94
"1417",1416,27382.415
"1418",1417,26989.225
"1419",1418,26573.8
"1420",1419,26185.3
"1421",1420,26697.575
"1422",1421,26360.795
"1423",1422,25902.235
"1424",1423,25634.165
"1425",1424,27629
"1426",1425,26921.38
"1427",1426,26574.09
"1428",1427,26233.3
"1429",1428,26671.845
"1430",1429,26341.07
"1431",1430,25944.1
"1432",1431,25586.315
"1433",1432,27380.26
"1434",1433,27016.13
"1435",1434,26577.465
"1436",1435,26282.45
"1437",1436,26732.515
"1438",1437,26414.59
"1439",1438,26074.015
"1440",1439,25766.805
"1441",1440,27746.52
"1442",1441,27114.05
"1443",1442,26732
"1444",1443,26272.16
"1445",1444,26787.875
"1446",1445,26402.915
"1447",1446,26062.5
"1448",1447,25664.28
"1449",1448,27535.71
"1450",1449,27093.365
"1451",1450,26672.15
"1452",1451,26318.95
"1453",1452,26733.77
"1454",1453,26452.6
"1455",1454,26088.855
"1456",1455,25777.74
"1457",1456,27735.72
"1458",1457,27056.425
"1459",1458,26720.67
"1460",1459,26347.37
"1461",1460,26770.575
"1462",1461,26296.035
"1463",1462,26003.595
"1464",1463,25677.545
"1465",1464,27515.815
"1466",1465,27147.14
"1467",1466,26765.815
"1468",1467,26397.585
"1469",1468,26893.225
"1470",1469,26461.62
"1471",1470,26096.79
"1472",1471,25837.565
"1473",1472,27794.275
"1474",1473,27157.765
"1475",1474,26838.865
"1476",1475,26441.845
"1477",1476,26818.84
"1478",1477,26499.225
"1479",1478,26158.905
"1480",1479,25763.23
"1481",1480,27581.25
"1482",1481,27233.02
"1483",1482,26896.045
"1484",1483,26395.565
"1485",1484,26937.815
"1486",1485,26542.91
"1487",1486,26180.58
"1488",1487,25801.165
"1489",1488,27758.015
"1490",1489,27156.395
"1491",1490,26808.58
"1492",1491,26445.58
"1493",1492,26866.435
"1494",1493,26523.935
"1495",1494,26152.57
"1496",1495,25839.845
"1497",1496,27688.73
"1498",1497,27294.18
"1499",1498,26873.37
"1500",1499,26490.6
"1501",1500,26955.835
"1502",1501,26609.745
"1503",1502,26228.4
"1504",1503,25939.225
"1505",1504,27993.205
"1506",1505,27258.645
"1507",1506,26839.51
"1508",1507,26452.845
"1509",1508,26892.795
"1510",1509,26432.58
"1511",1510,26165.4
"1512",1511,25942.915
"1513",1512,27782.055
"1514",1513,27429.275
"1515",1514,27005.815
"1516",1515,26596.655
"1517",1516,27062.045
"1518",1517,26653.485
"1519",1518,26297.425
"1520",1519,26020.79
"1521",1520,28100.835
"1522",1521,27461.26
"1523",1522,27038.83
"1524",1523,26523.265
"1525",1524,26895.48
"1526",1525,26533.05
"1527",1526,26246.215
"1528",1527,25984.255
"1529",1528,27824.225
"1530",1529,26921.92
"1531",1530,26206.52
"1532",1531,25880.83
"1533",1532,26232.345
"1534",1533,25946.84
"1535",1534,25550.675
"1536",1535,25459.885
"1537",1536,27546.065
"1538",1537,26078.57
"1539",1538,25685.1
"1540",1539,25528.62
"1541",1540,25710.02
"1542",1541,25372.115
"1543",1542,24998.08
"1544",1543,24743.11
"1545",1544,26489.36
"1546",1545,26026.72
"1547",1546,25762.98
"1548",1547,25403.915
"1549",1548,25899.95
"1550",1549,25502.795
"1551",1550,25311.21
"1552",1551,25036.86
"1553",1552,26739.565
"1554",1553,26118.44
"1555",1554,25827.35
"1556",1555,25457.27
"1557",1556,25881.725
"1558",1557,25556.77
"1559",1558,25274.32
"1560",1559,24945.865
"1561",1560,26451.14
"1562",1561,26190.09
"1563",1562,25856.525
"1564",1563,25520.49
"1565",1564,25975.785
"1566",1565,25711.935
"1567",1566,25471.855
"1568",1567,25084.65
"1569",1568,26766.68
"1570",1569,26312.265
"1571",1570,25999.03
"1572",1571,25682.945
"1573",1572,26030.16
"1574",1573,25707.41
"1575",1574,25357.9
"1576",1575,25135.6
"1577",1576,26661.105
"1578",1577,26271.65
"1579",1578,26065.32
"1580",1579,25605.845
"1581",1580,26050.72
"1582",1581,25794.085
"1583",1582,25516.085
"1584",1583,25160.015
"1585",1584,26733.315
"1586",1585,26391.46
"1587",1586,26004.565
"1588",1587,25735.86
"1589",1588,26038.08
"1590",1589,25751.265
"1591",1590,25457.09
"1592",1591,25194.85
"1593",1592,26636.885
"1594",1593,26331.59
"1595",1594,26063.375
"1596",1595,25658.085
"1597",1596,26075.105
"1598",1597,25752.005
"1599",1598,25429.795
"1600",1599,25214.355
"1601",1600,26776.34
"1602",1601,26367.62
"1603",1602,26056.015
"1604",1603,25688.62
"1605",1604,26033.91
"1606",1605,25722.745
"1607",1606,25475.09
"1608",1607,25208.765
"1609",1608,26592.245
"1610",1609,26402.58
"1611",1610,25980.555
"1612",1611,25749.775
"1613",1612,26246.725
"1614",1613,25840.595
"1615",1614,25580.24
"1616",1615,25332.46
"1617",1616,26854.9
"1618",1617,26509.34
"1619",1618,26147.215
"1620",1619,25773.91
"1621",1620,26129.215
"1622",1621,25811.475
"1623",1622,25591.855
"1624",1623,25304.295
"1625",1624,26853.165
"1626",1625,26547.68
"1627",1626,26268.105
"1628",1627,25932.395
"1629",1628,26327.29
"1630",1629,26050.11
"1631",1630,25775.985
"1632",1631,25491.245
"1633",1632,27150.72
"1634",1633,26603.385
"1635",1634,26322.01
"1636",1635,25969.875
"1637",1636,26181.245
"1638",1637,25940.08
"1639",1638,25507.505
"1640",1639,25307.29
"1641",1640,26764.31
"1642",1641,26559.625
"1643",1642,26280.48
"1644",1643,25942.45
"1645",1644,26354.265
"1646",1645,26037.95
"1647",1646,25760.08
"1648",1647,25524.195
"1649",1648,27118.715
"1650",1649,26630.285
"1651",1650,26294.16
"1652",1651,25980.1
"1653",1652,26321.185
"1654",1653,26017.325
"1655",1654,25761.285
"1656",1655,25460.295
"1657",1656,27006.24
"1658",1657,26674.12
"1659",1658,26396.425
"1660",1659,26069.515
"1661",1660,26487.41
"1662",1661,26152.945
"1663",1662,25820.265
"1664",1663,25567.675
"1665",1664,27469.22
"1666",1665,26782.67
"1667",1666,26389.47
"1668",1667,26121.035
"1669",1668,26433.43
"1670",1669,26215.08
"1671",1670,25838.47
"1672",1671,25665.165
"1673",1672,27151.52
"1674",1673,26818.73
"1675",1674,26492.125
"1676",1675,26158.065
"1677",1676,26642.715
"1678",1677,26265.095
"1679",1678,25964.09
"1680",1679,25627.54
"1681",1680,27410.46
"1682",1681,26705.885
"1683",1682,26409.1
"1684",1683,26178.685
"1685",1684,26432.11
"1686",1685,26233.955
"1687",1686,25872.75
"1688",1687,25628.235
"1689",1688,27172.895
"1690",1689,26809.5
"1691",1690,26519.045
"1692",1691,26185.35
"1693",1692,26608.495
"1694",1693,26297.945
"1695",1694,26010.935
"1696",1695,25789.2
"1697",1696,27553.685
"1698",1697,26903.85
"1699",1698,26578.49
"1700",1699,26264.34
"1701",1700,26530.07
"1702",1701,26295.965
"1703",1702,25859.875
"1704",1703,25640.905
"1705",1704,27124.075
"1706",1705,25965.93
"1707",1706,25734.51
"1708",1707,25902.115
"1709",1708,26082.905
"1710",1709,26243.06
"1711",1710,25910.285
"1712",1711,25707.685
"1713",1712,27592.105
"1714",1713,26880.365
"1715",1714,26620.72
"1716",1715,26323.545
"1717",1716,26617.74
"1718",1717,26374.075
"1719",1718,25995.725
"1720",1719,25864.185
"1721",1720,27361.095
"1722",1721,26976.485
"1723",1722,26581.18
"1724",1723,26339.875
"1725",1724,26708.04
"1726",1725,26421.08
"1727",1726,26080.19
"1728",1727,25895.09
"1729",1728,27689.3
"1730",1729,27082.79
"1731",1730,26686.165
"1732",1731,26446.78
"1733",1732,26778.435
"1734",1733,26410.65
"1735",1734,26070.76
"1736",1735,25930.485
"1737",1736,27366.205
"1738",1737,27102.625
"1739",1738,26748.2
"1740",1739,26371.92
"1741",1740,26762.045
"1742",1741,26535.115
"1743",1742,26127.95
"1744",1743,25908.25
"1745",1744,27747.9
"1746",1745,27090.155
"1747",1746,26769.12
"1748",1747,26464.2
"1749",1748,26788.34
"1750",1749,26533.735
"1751",1750,26168.1
"1752",1751,25952.625
"1753",1752,27600.435
"1754",1753,27118.27
"1755",1754,26739.7
"1756",1755,26514.195
"1757",1756,27183.105
"1758",1757,26546.81
"1759",1758,26294.93
"1760",1759,26117.485
"1761",1760,27848.305
"1762",1761,27171.545
"1763",1762,26834.845
"1764",1763,26564.585
"1765",1764,26897.69
"1766",1765,26692.285
"1767",1766,26278.56
"1768",1767,25980.865
"1769",1768,27566.285
"1770",1769,27196.145
"1771",1770,26863.195
"1772",1771,26553.925
"1773",1772,27007.96
"1774",1773,26633.3
"1775",1774,26368.35
"1776",1775,26083.8
"1777",1776,27976.085
"1778",1777,27273.49
"1779",1778,26886.35
"1780",1779,26667.595
"1781",1780,27055.16
"1782",1781,26742.805
"1783",1782,26391.48
"1784",1783,26170.72
"1785",1784,27740.48
"1786",1785,27224.845
"1787",1786,26922.465
"1788",1787,26616.065
"1789",1788,27098.76
"1790",1789,26146.43
"1791",1790,25383.955
"1792",1791,25457.205
"1793",1792,27862.275
"1794",1793,26352.435
"1795",1794,25622.57
"1796",1795,25753.48
"1797",1796,26544.275
"1798",1797,26214.81
"1799",1798,25894.695
"1800",1799,25712.57
"1801",1800,27222.495
"1802",1801,26810.63
"1803",1802,26545.01
"1804",1803,26268.665
"1805",1804,26624.27
"1806",1805,26253.925
"1807",1806,26014.79
"1808",1807,25723.355
"1809",1808,27437.695
"1810",1809,26785.345
"1811",1810,26518.08
"1812",1811,26184.6
"1813",1812,26568.855
"1814",1813,26303.14
"1815",1814,25996.645
"1816",1815,25820.19
"1817",1816,27270.355
"1818",1817,26865.615
"1819",1818,26525.33
"1820",1819,26135.66
"1821",1820,26484.31
"1822",1821,26168.47
"1823",1822,25963.135
"1824",1823,25815.58
"1825",1824,27482.305
"1826",1825,26873.33
"1827",1826,26624.675
"1828",1827,26282.645
"1829",1828,26593.66
"1830",1829,26341.935
"1831",1830,25996.65
"1832",1831,25860.08
"1833",1832,27300.515
"1834",1833,26964.975
"1835",1834,26673.92
"1836",1835,26390.84
"1837",1836,26768.765
"1838",1837,26449.615
"1839",1838,26149.4
"1840",1839,25945.895
"1841",1840,27511.785
"1842",1841,26885.43
"1843",1842,26551.96
"1844",1843,26314.31
"1845",1844,26859.11
"1846",1845,26330.03
"1847",1846,26120.77
"1848",1847,25919.9
"1849",1848,27316.64
"1850",1849,26966
"1851",1850,26646.345
"1852",1851,26322.655
"1853",1852,26735.955
"1854",1853,26374.245
"1855",1854,26149.675
"1856",1855,25959.505
"1857",1856,27476.13
"1858",1857,27004.215
"1859",1858,26654.76
"1860",1859,26393.525
"1861",1860,26655.49
"1862",1861,26425.05
"1863",1862,26066.535
"1864",1863,25842.61
"1865",1864,27256.08
"1866",1865,26961.135
"1867",1866,26631.215
"1868",1867,26415.55
"1869",1868,26773.265
"1870",1869,26512.77
"1871",1870,26151.765
"1872",1871,25754.285
"1873",1872,27098.265
"1874",1873,26564.95
"1875",1874,26341.555
"1876",1875,26273.66
"1877",1876,25921.28
"1878",1877,25915.48
"1879",1878,25582.38
"1880",1879,25176.98
"1881",1880,27245.44
"1882",1881,26911.99
"1883",1882,26675.49
"1884",1883,26446.585
"1885",1884,26809.335
"1886",1885,26538.65
"1887",1886,26268.695
"1888",1887,26057.87
"1889",1888,27557.265
"1890",1889,27025.1
"1891",1890,26748.295
"1892",1891,26527.31
"1893",1892,26797.04
"1894",1893,26549.27
"1895",1894,26259.475
"1896",1895,26047.205
"1897",1896,27391.14
"1898",1897,27084.18
"1899",1898,26728.845
"1900",1899,26542.555
"1901",1900,26893.93
"1902",1901,26555.69
"1903",1902,26192.8
"1904",1903,26032.025
"1905",1904,27609.12
"1906",1905,27036.02
"1907",1906,26772.075
"1908",1907,26546.09
"1909",1908,26801.47
"1910",1909,26535.685
"1911",1910,26272.39
"1912",1911,26072.23
"1913",1912,27440.16
"1914",1913,27181.6
"1915",1914,26888.35
"1916",1915,26569.565
"1917",1916,26961.39
"1918",1917,26634.66
"1919",1918,26280.865
"1920",1919,26058.355
"1921",1920,27704.785
"1922",1921,27133.43
"1923",1922,26758.375
"1924",1923,26459.93
"1925",1924,26870.855
"1926",1925,26588.155
"1927",1926,26109.895
"1928",1927,25785.45
"1929",1928,27007.34
"1930",1929,26942.42
"1931",1930,26808.085
"1932",1931,26535.245
"1933",1932,26950.255
"1934",1933,26660.655
"1935",1934,26376.46
"1936",1935,26182.46
"1937",1936,27673.05
"1938",1937,27155.43
"1939",1938,26827.155
"1940",1939,26587.92
"1941",1940,26854.565
"1942",1941,26629.62
"1943",1942,26316.485
"1944",1943,26063.98
"1945",1944,27365.285
"1946",1945,27071.915
"1947",1946,26769.865
"1948",1947,26593.095
"1949",1948,26844.53
"1950",1949,26646.505
"1951",1950,26422.255
"1952",1951,26192.775
"1953",1952,27670.415
"1954",1953,27204.155
"1955",1954,26902.8
"1956",1955,26562.47
"1957",1956,26886.445
"1958",1957,26621.545
"1959",1958,26346.065
"1960",1959,26070.395
"1961",1960,27513.105
"1962",1961,27098.455
"1963",1962,26817.76
"1964",1963,26573.325
"1965",1964,26876.76
"1966",1965,26725.22
"1967",1966,26422.41
"1968",1967,26231.93
"1969",1968,27720.515
"1970",1969,27227.165
"1971",1970,26921.93
"1972",1971,26643.39
"1973",1972,26929.245
"1974",1973,26641.17
"1975",1974,26318.895
"1976",1975,26067.595
"1977",1976,27462.175
"1978",1977,27213.175
"1979",1978,26966.26
"1980",1979,26654.985
"1981",1980,27080.645
"1982",1981,26761.705
"1983",1982,26460.155
"1984",1983,26259.17
"1985",1984,27572.74
"1986",1985,26903.63
"1987",1986,26151.23
"1988",1987,26313.02
"1989",1988,26737.53
"1990",1989,26692.62
"1991",1990,26407.35
"1992",1991,26148.275
"1993",1992,27539.635
"1994",1993,27209.275
"1995",1994,26961.875
"1996",1995,26601.105
"1997",1996,27062.235
"1998",1997,26731.355
"1999",1998,26449.005
"2000",1999,26241.975
"2001",2000,27694.585
"2002",2001,27287.425
"2003",2002,26950.78
"2004",2003,26700.35
"2005",2004,26853.195
"2006",2005,26728.045
"2007",2006,26459.73
"2008",2007,26168.96
"2009",2008,27596.71
"2010",2009,27232.82
"2011",2010,26959.28
"2012",2011,26746.9
"2013",2012,27095.12
"2014",2013,26866.9
"2015",2014,26503.15
"2016",2015,26294.385
"2017",2016,27888.6
"2018",2017,27334.31
"2019",2018,27063.005
"2020",2019,26811.485
"2021",2020,27080.695
"2022",2021,26786.92
"2023",2022,26467.595
"2024",2023,26319.58
"2025",2024,27765.515
"2026",2025,27399.18
"2027",2026,27116.36
"2028",2027,26843.325
"2029",2028,27229.36
"2030",2029,26883.225
"2031",2030,26605.635
"2032",2031,26414.38
"2033",2032,27954.23
"2034",2033,27424.615
"2035",2034,27042.415
"2036",2035,26730.925
"2037",2036,26992.915
"2038",2037,26730.765
"2039",2038,26447.965
"2040",2039,26266.68
"2041",2040,27693.495
"2042",2041,26835.87
"2043",2042,26236.175
"2044",2043,26020.77
"2045",2044,26214.405
"2046",2045,26010.055
"2047",2046,25537.14
"2048",2047,25256.11
"2049",2048,26830.3
"2050",2049,25867.665
"2051",2050,25701.68
"2052",2051,25714.86
"2053",2052,25935.31
"2054",2053,25629.515
"2055",2054,25301.37
"2056",2055,25094.715
"2057",2056,26681.1
"2058",2057,26380.04
"2059",2058,26050.695
"2060",2059,25799.155
"2061",2060,26223.96
"2062",2061,25941.455
"2063",2062,25754.285
"2064",2063,25536.935
"2065",2064,26952.77
"2066",2065,26492.06
"2067",2066,26159.17
"2068",2067,25896.635
"2069",2068,26195.335
"2070",2069,25985.055
"2071",2070,25748.335
"2072",2071,25538
"2073",2072,26749.135
"2074",2073,26501.495
"2075",2074,26223.855
"2076",2075,25915.555
"2077",2076,26264.34
"2078",2077,26043.21
"2079",2078,25819.07
"2080",2079,25565.37
"2081",2080,26959.165
"2082",2081,26483.48
"2083",2082,26219.165
"2084",2083,25969.485
"2085",2084,26214.04
"2086",2085,26005.795
"2087",2086,25758.635
"2088",2087,25583.555
"2089",2088,26730.59
"2090",2089,26450.61
"2091",2090,26221.275
"2092",2091,25881.22
"2093",2092,26243.85
"2094",2093,26009.44
"2095",2094,25781.17
"2096",2095,25528.83
"2097",2096,26830.27
"2098",2097,26418.055
"2099",2098,26143.245
"2100",2099,25910.645
"2101",2100,26158.235
"2102",2101,25922.79
"2103",2102,25724.18
"2104",2103,25569.775
"2105",2104,26717.06
"2106",2105,26496.6
"2107",2106,26249.595
"2108",2107,26016.715
"2109",2108,26318.68
"2110",2109,26113.215
"2111",2110,25865.985
"2112",2111,25652.53
"2113",2112,26644.935
"2114",2113,26084.06
"2115",2114,24769.07
"2116",2115,25394.19
"2117",2116,26000.44
"2118",2117,26089.33
"2119",2118,25818.16
"2120",2119,25650.295
"2121",2120,26747.535
"2122",2121,26555.235
"2123",2122,26279.605
"2124",2123,26035.21
"2125",2124,26420.605
"2126",2125,26161.775
"2127",2126,25933.82
"2128",2127,25724.5
"2129",2128,26986.915
"2130",2129,26622.1
"2131",2130,26340.58
"2132",2131,26086.42
"2133",2132,26276.84
"2134",2133,26061.33
"2135",2134,25882.87
"2136",2135,25678.385
"2137",2136,26815.895
"2138",2137,26660.345
"2139",2138,26427.64
"2140",2139,26207.68
"2141",2140,26514.41
"2142",2141,26267.195
"2143",2142,26025.53
"2144",2143,25823.19
"2145",2144,27117.14
"2146",2145,26708.21
"2147",2146,26498.15
"2148",2147,26209.4
"2149",2148,26358.385
"2150",2149,26125.67
"2151",2150,25871.04
"2152",2151,25703.53
"2153",2152,26864.68
"2154",2153,26654.905
"2155",2154,26456.21
"2156",2155,26252.495
"2157",2156,26549.545
"2158",2157,26325.035
"2159",2158,26058.615
"2160",2159,25856.575
"2161",2160,27172.99
"2162",2161,26741.32
"2163",2162,26452.805
"2164",2163,26239.405
"2165",2164,26497.37
"2166",2165,26271.845
"2167",2166,26019.61
"2168",2167,25836.46
"2169",2168,27061.29
"2170",2169,26818.96
"2171",2170,26543.62
"2172",2171,26330.875
"2173",2172,26649.84
"2174",2173,26377.585
"2175",2174,26080.91
"2176",2175,25881.485
"2177",2176,27418.245
"2178",2177,26821.345
"2179",2178,26553.28
"2180",2179,26324.39
"2181",2180,26610.49
"2182",2181,26397.11
"2183",2182,26114.49
"2184",2183,25379.175
"2185",2184,26348.4
"2186",2185,26065.35
"2187",2186,26207.5
"2188",2187,26299.025
"2189",2188,26736.06
"2190",2189,26501.425
"2191",2190,26223.84
"2192",2191,26046.425
"2193",2192,27389.895
"2194",2193,26919.09
"2195",2194,26557.485
"2196",2195,26396.14
"2197",2196,26582.685
"2198",2197,26418.305
"2199",2198,26166.34
"2200",2199,25981.655
"2201",2200,27166.41
"2202",2201,26946.735
"2203",2202,26672.715
"2204",2203,26455.705
"2205",2204,26786.535
"2206",2205,26547.31
"2207",2206,26262.45
"2208",2207,26113.91
"2209",2208,27502.5
"2210",2209,26987.245
"2211",2210,26715.39
"2212",2211,26494.515
"2213",2212,26705.15
"2214",2213,26473.005
"2215",2214,26154.425
"2216",2215,25969.075
"2217",2216,27171.595
"2218",2217,26036.545
"2219",2218,25837.29
"2220",2219,26084.185
"2221",2220,26119.27
"2222",2221,26440.365
"2223",2222,26124.66
"2224",2223,26020.36
"2225",2224,27517.37
"2226",2225,26952.78
"2227",2226,26670.74
"2228",2227,26474.145
"2229",2228,26685.1
"2230",2229,26526.285
"2231",2230,26214.125
"2232",2231,26097.3
"2233",2232,27275.235
"2234",2233,26946.755
"2235",2234,26666.485
"2236",2235,26529.495
"2237",2236,26802.705
"2238",2237,26609.61
"2239",2238,26339.72
"2240",2239,26183
"2241",2240,27504.585
"2242",2241,27074.245
"2243",2242,26712.235
"2244",2243,26509.28
"2245",2244,26770.145
"2246",2245,26564.755
"2247",2246,26324.455
"2248",2247,26165.055
"2249",2248,27390.245
"2250",2249,27084.855
"2251",2250,26782.14
"2252",2251,26533.28
"2253",2252,26825.055
"2254",2253,26666.49
"2255",2254,26328.47
"2256",2255,26175.565
"2257",2256,27617.285
"2258",2257,27090.555
"2259",2258,26292.98
"2260",2259,25048.995
"2261",2260,24719.79
"2262",2261,25352.01
"2263",2262,25978.275
"2264",2263,26203.975
"2265",2264,27429.17
"2266",2265,27140.045
"2267",2266,26842.41
"2268",2267,26661.445
"2269",2268,27182.54
"2270",2269,26725.185
"2271",2270,26466.34
"2272",2271,26313.725
"2273",2272,27743.94
"2274",2273,27164.3
"2275",2274,26856.4
"2276",2275,26648.91
"2277",2276,26936.78
"2278",2277,26702.735
"2279",2278,26387.99
"2280",2279,26279.225
"2281",2280,27466.41
"2282",2281,27162.545
"2283",2282,26881.24
"2284",2283,26703.775
"2285",2284,27047.85
"2286",2285,26765.96
"2287",2286,26443.615
"2288",2287,26250.125
"2289",2288,27713.32
"2290",2289,27146.05
"2291",2290,26864.46
"2292",2291,26627.365
"2293",2292,26938.93
"2294",2293,26695.45
"2295",2294,26399.815
"2296",2295,26266.755
"2297",2296,27547.655
"2298",2297,27030.305
"2299",2298,26793.255
"2300",2299,26625.91
"2301",2300,26972.435
"2302",2301,26144.9
"2303",2302,25453.365
"2304",2303,25548.575
"2305",2304,27634.435
"2306",2305,26335.1
"2307",2306,25685.035
"2308",2307,25850.935
"2309",2308,26552.995
"2310",2309,26320.75
"2311",2310,26054.61
"2312",2311,25969.195
"2313",2312,27166.425
"2314",2313,26850.46
"2315",2314,26567.075
"2316",2315,26383.51
"2317",2316,26708.585
"2318",2317,26448.91
"2319",2318,26199.985
"2320",2319,25989.75
"2321",2320,27342.615
"2322",2321,26802.045
"2323",2322,26573.69
"2324",2323,26376.565
"2325",2324,26612.2
"2326",2325,26439.61
"2327",2326,26176.785
"2328",2327,26046.43
"2329",2328,27215.955
"2330",2329,26924.84
"2331",2330,26672.49
"2332",2331,26443.505
"2333",2332,26756.75
"2334",2333,26610.325
"2335",2334,26342.17
"2336",2335,26161.77
"2337",2336,27461.805
"2338",2337,26976.335
"2339",2338,26596.1
"2340",2339,25382.305
"2341",2340,24328.08
"2342",2341,23110.27
"2343",2342,24525.93
"2344",2343,25834.24
"2345",2344,27197.795
"2346",2345,26963.525
"2347",2346,26723.37
"2348",2347,26540.72
"2349",2348,26839.225
"2350",2349,26614.865
"2351",2350,26322.335
"2352",2351,26204.7
"2353",2352,27448.415
"2354",2353,26915.3
"2355",2354,26518.19
"2356",2355,26469.99
"2357",2356,26886.61
"2358",2357,26459.265
"2359",2358,26257.51
"2360",2359,26161.875
"2361",2360,27253.305
"2362",2361,26989.865
"2363",2362,26748.045
"2364",2363,26497.68
"2365",2364,26856.94
"2366",2365,26586.525
"2367",2366,26358.7
"2368",2367,26222.61
"2369",2368,27404.275
"2370",2369,27014.66
"2371",2370,26738.715
"2372",2371,26549.02
"2373",2372,26753.945
"2374",2373,26602.275
"2375",2374,26289.885
"2376",2375,26192.575
"2377",2376,27289.24
"2378",2377,27047.485
"2379",2378,26788.3
"2380",2379,26578.25
"2381",2380,26875.525
"2382",2381,26669.095
"2383",2382,26384.18
"2384",2383,26232.015
"2385",2384,27498.755
"2386",2385,26956.675
"2387",2386,26660.565
"2388",2387,26514
"2389",2388,26036.075
"2390",2389,26127.255
"2391",2390,25834.155
"2392",2391,25455.54
"2393",2392,27231.325
"2394",2393,26984.92
"2395",2394,26817.245
"2396",2395,26656.245
"2397",2396,26946.94
"2398",2397,26736.705
"2399",2398,26449.655
"2400",2399,26328.18
"2401",2400,27565.565
"2402",2401,27099.345
"2403",2402,26838.095
"2404",2403,26648.035
"2405",2404,26817.975
"2406",2405,26673.165
"2407",2406,26434.735
"2408",2407,26281.855
"2409",2408,27364.55
"2410",2409,27110.82
"2411",2410,26812.16
"2412",2411,26672.375
"2413",2412,26926.275
"2414",2413,26684.005
"2415",2414,26368.38
"2416",2415,26260.61
"2417",2416,27518.87
"2418",2417,27106.305
"2419",2418,26838.84
"2420",2419,26633.625
"2421",2420,26852.64
"2422",2421,26699.69
"2423",2422,26458.985
"2424",2423,26294
"2425",2424,27394.215
"2426",2425,26733.095
"2427",2426,25214.035
"2428",2427,22509.94
"2429",2428,24674.905
"2430",2429,25611.475
"2431",2430,26283.955
"2432",2431,26226.1
"2433",2432,27588.25
"2434",2433,27095.255
"2435",2434,26798.12
"2436",2435,26586.325
"2437",2436,26862.655
"2438",2437,26686.75
"2439",2438,26464.24
"2440",2439,26329.78
"2441",2440,27404.49
"2442",2441,27122.215
"2443",2442,26858.675
"2444",2443,26676.905
"2445",2444,26970.24
"2446",2445,26774.46
"2447",2446,26482.965
"2448",2447,26354.16
"2449",2448,27540.165
"2450",2449,27158.045
"2451",2450,26845.055
"2452",2451,26687.43
"2453",2452,26860.5
"2454",2453,26718.4
"2455",2454,26454.94
"2456",2455,26189.935
"2457",2456,27342.64
"2458",2457,27087.665
"2459",2458,26786.355
"2460",2459,26674.77
"2461",2460,26843.54
"2462",2461,26762.22
"2463",2462,26502.25
"2464",2463,26379.48
"2465",2464,27624.835
"2466",2465,27163.985
"2467",2466,26900.395
"2468",2467,26672.54
"2469",2468,26904.66
"2470",2469,26741.1
"2471",2470,26499.75
"2472",2471,26283.725
"2473",2472,27413.515
"2474",2473,27053.31
"2475",2474,26807.56
"2476",2475,26666.95
"2477",2476,26918.835
"2478",2477,26792.035
"2479",2478,26534.72
"2480",2479,26392.405
"2481",2480,27627.49
"2482",2481,27167.26
"2483",2482,26916.83
"2484",2483,26714.96
"2485",2484,26937.63
"2486",2485,26695
"2487",2486,26419.705
"2488",2487,26268.34
"2489",2488,27401.16
"2490",2489,27164.945
"2491",2490,26957.385
"2492",2491,26745.79
"2493",2492,27063.96
"2494",2493,26830.29
"2495",2494,26595.92
"2496",2495,26442.125
"2497",2496,27668.975
"2498",2497,27226.14
"2499",2498,26967.56
"2500",2499,26758.955
"2501",2500,26966.745
"2502",2501,26789.975
"2503",2502,26521.485
"2504",2503,26354.415
"2505",2504,27422.98
"2506",2505,27195.055
"2507",2506,26977.35
"2508",2507,26732.895
"2509",2508,27040.005
"2510",2509,26844.36
"2511",2510,26576.495
"2512",2511,26410.73
"2513",2512,27618.495
"2514",2513,27166.385
"2515",2514,27008.76
"2516",2515,26779.665
"2517",2516,26997.84
"2518",2517,26821.485
"2519",2518,26308.67
"2520",2519,23900.635
"2521",2520,26186.12
"2522",2521,24835.31
"2523",2522,25219.845
"2524",2523,26331.82
"2525",2524,27068.985
"2526",2525,26918.31
"2527",2526,26644.985
"2528",2527,26484.275
"2529",2528,27798.555
"2530",2529,27266.185
"2531",2530,27030.095
"2532",2531,26853.31
"2533",2532,27049.605
"2534",2533,26832.18
"2535",2534,26609.235
"2536",2535,26474.885
"2537",2536,27594.35
"2538",2537,27332.64
"2539",2538,27065.97
"2540",2539,26887.655
"2541",2540,27165.93
"2542",2541,26947.41
"2543",2542,26666.545
"2544",2543,26563.54
"2545",2544,27870.805
"2546",2545,27359.62
"2547",2546,27053.1
"2548",2547,26808.125
"2549",2548,26965.565
"2550",2549,26822.33
"2551",2550,26572.105
"2552",2551,26409.39
"2553",2552,27591.535
"2554",2553,26826.215
"2555",2554,26267.935
"2556",2555,26104.805
"2557",2556,26293.935
"2558",2557,26143.895
"2559",2558,25798.87
"2560",2559,25960.04
"2561",2560,27317.815
"2562",2561,26263.185
"2563",2562,25864.17
"2564",2563,25864.215
"2565",2564,26049.69
"2566",2565,25764.185
"2567",2566,25496.17
"2568",2567,25382.685
"2569",2568,26716.24
"2570",2569,26419.22
"2571",2570,26156.235
"2572",2571,25968.735
"2573",2572,26314.12
"2574",2573,26092.035
"2575",2574,25975.225
"2576",2575,25821.155
"2577",2576,27008.18
"2578",2577,26523.615
"2579",2578,26298.82
"2580",2579,26132.55
"2581",2580,26346.75
"2582",2581,26203.5
"2583",2582,25978.425
"2584",2583,25844.4
"2585",2584,26815.135
"2586",2585,26600.01
"2587",2586,26376.04
"2588",2587,26153.53
"2589",2588,26384.395
"2590",2589,26305.445
"2591",2590,26079.465
"2592",2591,25904.58
"2593",2592,26987.63
"2594",2593,26628.23
"2595",2594,26407.155
"2596",2595,26217.755
"2597",2596,26374.985
"2598",2597,26208.03
"2599",2598,26030.46
"2600",2599,25882.985
"2601",2600,26755.96
"2602",2601,26577.94
"2603",2602,26404.55
"2604",2603,26206.5
"2605",2604,26413.535
"2606",2605,26276.86
"2607",2606,26059.4
"2608",2607,25918.26
"2609",2608,26946.59
"2610",2609,26590.64
"2611",2610,26341.575
"2612",2611,26100.58
"2613",2612,26359.22
"2614",2613,26228.505
"2615",2614,26052.27
"2616",2615,25922.455
"2617",2616,26818.055
"2618",2617,26664.295
"2619",2618,26400.345
"2620",2619,25694.515
"2621",2620,24453.4
"2622",2621,21722.93
"2623",2622,21073.03
"2624",2623,23002.985
"2625",2624,26488.37
"2626",2625,26679.79
"2627",2626,26455.33
"2628",2627,26271.76
"2629",2628,26440.23
"2630",2629,26313.115
"2631",2630,26082.025
"2632",2631,25951.44
"2633",2632,26816.105
"2634",2633,26654.285
"2635",2634,26414.875
"2636",2635,26229.69
"2637",2636,26510.985
"2638",2637,26360.435
"2639",2638,26122.98
"2640",2639,26008.125
"2641",2640,27040.515
"2642",2641,26722.495
"2643",2642,26472.185
"2644",2643,26303.085
"2645",2644,26405.895
"2646",2645,26261.28
"2647",2646,26108.755
"2648",2647,25954.155
"2649",2648,26990.755
"2650",2649,26807.54
"2651",2650,26577.445
"2652",2651,26391.115
"2653",2652,26624.985
"2654",2653,26462.905
"2655",2654,26255.69
"2656",2655,26112.805
"2657",2656,27217.9
"2658",2657,26814.155
"2659",2658,26591.225
"2660",2659,26423.41
"2661",2660,26483.87
"2662",2661,26370.905
"2663",2662,26098.44
"2664",2663,26008.355
"2665",2664,26956.77
"2666",2665,26756.385
"2667",2666,26627.19
"2668",2667,26443.05
"2669",2668,26700.375
"2670",2669,26537.635
"2671",2670,26303.65
"2672",2671,26173.19
"2673",2672,27243.9
"2674",2673,26878.58
"2675",2674,26591.65
"2676",2675,26437.645
"2677",2676,26609.315
"2678",2677,26465.205
"2679",2678,26275.91
"2680",2679,26149.295
"2681",2680,27118.68
"2682",2681,26926.045
"2683",2682,26658.22
"2684",2683,26519.475
"2685",2684,26786.105
"2686",2685,26529.315
"2687",2686,26291.715
"2688",2687,26132.205
"2689",2688,27444.275
"2690",2689,26908.67
"2691",2690,26646.845
"2692",2691,26447.465
"2693",2692,26680.815
"2694",2693,26508.25
"2695",2694,26319.905
"2696",2695,26233.495
"2697",2696,27200.445
"2698",2697,26956.575
"2699",2698,26713.855
"2700",2699,26560.385
"2701",2700,26845.8
"2702",2701,26658.135
"2703",2702,26405.91
"2704",2703,26318.55
"2705",2704,27435.855
"2706",2705,26973.575
"2707",2706,26657.715
"2708",2707,26567.13
"2709",2708,26652.64
"2710",2709,26624.255
"2711",2710,26380.555
"2712",2711,26264.55
"2713",2712,27234.715
"2714",2713,27016.46
"2715",2714,26785.155
"2716",2715,26627.515
"2717",2716,26911.745
"2718",2717,26708.295
"2719",2718,26513.035
"2720",2719,26363.73
"2721",2720,27564.115
"2722",2721,27072.635
"2723",2722,26830.275
"2724",2723,26661.76
"2725",2724,26850.28
"2726",2725,26684.28
"2727",2726,26379.245
"2728",2727,26165.315
"2729",2728,26769.375
"2730",2729,24908.105
"2731",2730,22486.015
"2732",2731,21183.31
"2733",2732,23510.585
"2734",2733,25724.44
"2735",2734,26315.18
"2736",2735,26292.135
"2737",2736,27560.65
"2738",2737,27093.6
"2739",2738,26842.28
"2740",2739,26715.05
"2741",2740,26885.62
"2742",2741,26736.555
"2743",2742,26467.51
"2744",2743,26385.125
"2745",2744,27377.645
"2746",2745,27053.395
"2747",2746,26826.8
"2748",2747,26738.035
"2749",2748,26960.98
"2750",2749,26831.63
"2751",2750,26516.56
"2752",2751,26477.36
"2753",2752,27617.63
"2754",2753,27152.68
"2755",2754,26886.3
"2756",2755,26710.495
"2757",2756,26915.335
"2758",2757,26726.74
"2759",2758,26490.285
"2760",2759,26405.17
"2761",2760,27405.095
"2762",2761,27164.525
"2763",2762,26874.445
"2764",2763,26682.945
"2765",2764,26895.945
"2766",2765,26762.97
"2767",2766,26489.77
"2768",2767,26410.09
"2769",2768,27631.625
"2770",2769,27147.6
"2771",2770,26886.63
"2772",2771,26747.995
"2773",2772,26969.885
"2774",2773,26804.415
"2775",2774,26520.56
"2776",2775,26456.01
"2777",2776,27460.035
"2778",2777,27154.745
"2779",2778,26917.095
"2780",2779,26780.055
"2781",2780,27232.88
"2782",2781,26825.38
"2783",2782,26627.18
"2784",2783,26539.595
"2785",2784,27678.7
"2786",2785,27193.265
"2787",2786,26930.7
"2788",2787,26802.63
"2789",2788,26978.505
"2790",2789,26804.085
"2791",2790,26497.52
"2792",2791,26461.92
"2793",2792,27424.3
"2794",2793,27197.68
"2795",2794,26925.33
"2796",2795,26819.945
"2797",2796,27105.71
"2798",2797,26902.49
"2799",2798,26620.585
"2800",2799,26476.185
"2801",2800,27720.775
"2802",2801,27206.75
"2803",2802,26946.62
"2804",2803,26839.57
"2805",2804,27030.38
"2806",2805,26855.245
"2807",2806,26585.13
"2808",2807,26525.015
"2809",2808,27574.5
"2810",2809,27131.02
"2811",2810,26889.86
"2812",2811,26783.645
"2813",2812,27104.1
"2814",2813,26317.36
"2815",2814,25587.95
"2816",2815,25723.27
"2817",2816,27579.255
"2818",2817,26393.26
"2819",2818,25815.925
"2820",2819,26035.345
"2821",2820,26623.59
"2822",2821,26518.605
"2823",2822,26252.345
"2824",2823,26171.24
"2825",2824,27210.975
"2826",2825,26924.695
"2827",2826,26715.54
"2828",2827,26566.46
"2829",2828,26785.485
"2830",2829,26636.27
"2831",2830,26397.49
"2832",2831,26206.22
"2833",2832,27393.835
"2834",2833,26923.31
"2835",2834,26707.6
"2836",2835,26552.985
"2837",2836,26730.54
"2838",2837,26610.015
"2839",2838,26380.925
"2840",2839,26294.415
"2841",2840,27230.81
"2842",2841,26958.585
"2843",2842,26778.56
"2844",2843,26606.27
"2845",2844,26837.355
"2846",2845,26705.57
"2847",2846,26412.18
"2848",2847,25104.195
"2849",2848,26067.56
"2850",2849,24337.51
"2851",2850,23138.205
"2852",2851,23909.145
"2853",2852,26211.845
"2854",2853,26570.695
"2855",2854,26329.555
"2856",2855,26343.71
"2857",2856,27257.445
"2858",2857,27048.785
"2859",2858,26770.995
"2860",2859,26658.72
"2861",2860,26884.58
"2862",2861,26723.59
"2863",2862,26483.945
"2864",2863,26380.38
"2865",2864,27419.935
"2866",2865,26920.06
"2867",2866,26659.2
"2868",2867,26576.94
"2869",2868,26972.07
"2870",2869,26590.895
"2871",2870,26427.725
"2872",2871,26347.1
"2873",2872,27277.42
"2874",2873,27072.56
"2875",2874,26823.465
"2876",2875,26623.035
"2877",2876,26928.695
"2878",2877,26699.695
"2879",2878,26521.51
"2880",2879,26407.87
"2881",2880,27429.95
"2882",2881,27059.79
"2883",2882,26817.58
"2884",2883,26687.665
"2885",2884,26833.42
"2886",2885,26709.64
"2887",2886,26459.16
"2888",2887,26394.735
"2889",2888,27301.62
"2890",2889,27063.09
"2891",2890,26835.805
"2892",2891,26689.22
"2893",2892,26944.6
"2894",2893,26758.43
"2895",2894,26515.17
"2896",2895,26448.2
"2897",2896,27517.81
"2898",2897,26996.72
"2899",2898,26733.765
"2900",2899,26636.375
"2901",2900,26077.6
"2902",2901,26176.85
"2903",2902,25915.705
"2904",2903,25590.17
"2905",2904,27222.19
"2906",2905,26952.695
"2907",2906,26779.61
"2908",2907,26732.665
"2909",2908,26965.81
"2910",2909,26791.115
"2911",2910,26534.955
"2912",2911,26458.235
"2913",2912,27523.785
"2914",2913,27084.11
"2915",2914,26840.88
"2916",2915,26694.12
"2917",2916,26855.215
"2918",2917,26773.55
"2919",2918,26552.88
"2920",2919,26473.94
"2921",2920,27339.925
"2922",2921,27145.54
"2923",2922,26867.745
"2924",2923,26752.885
"2925",2924,26964.57
"2926",2925,26766.545
"2927",2926,26461.535
"2928",2927,26410.22
"2929",2928,27533.435
"2930",2929,27136.02
"2931",2930,26862.52
"2932",2931,26746.865
"2933",2932,26883.285
"2934",2933,26770.155
"2935",2934,26547.24
"2936",2935,26464.61
"2937",2936,27381.705
"2938",2937,27155.445
"2939",2938,26928.05
"2940",2939,26790.57
"2941",2940,27054.25
"2942",2941,26808.265
"2943",2942,26530.53
"2944",2943,26429.21
"2945",2944,27562.88
"2946",2945,27120.445
"2947",2946,26872.25
"2948",2947,26726.465
"2949",2948,26962.805
"2950",2949,26856.05
"2951",2950,26637.515
"2952",2951,26525.415
"2953",2952,27440.23
"2954",2953,27212.59
"2955",2954,26995.375
"2956",2955,26828.58
"2957",2956,27069.78
"2958",2957,26910.235
"2959",2958,26644.795
"2960",2959,26570.865
"2961",2960,27601.28
"2962",2961,27218.095
"2963",2962,26982.93
"2964",2963,26827.91
"2965",2964,26960.935
"2966",2965,26846.145
"2967",2966,26630.95
"2968",2967,26471.99
"2969",2968,27381.51
"2970",2969,27148.955
"2971",2970,26874.535
"2972",2971,26813.99
"2973",2972,26953.22
"2974",2973,26899.68
"2975",2974,26677.905
"2976",2975,26539.98
"2977",2976,27048.145
"2978",2977,25980.12
"2979",2978,24222.475
"2980",2979,21682.905
"2981",2980,24364.42
"2982",2981,24952.86
"2983",2982,26247.76
"2984",2983,26448.43
"2985",2984,27420.565
"2986",2985,27123.145
"2987",2986,26874.215
"2988",2987,26803.61
"2989",2988,27004.38
"2990",2989,26908.31
"2991",2990,26699.98
"2992",2991,26574.34
"2993",2992,27628.045
"2994",2993,27204.16
"2995",2994,26977.915
"2996",2995,26835.525
"2997",2996,27003.385
"2998",2997,26820.39
"2999",2998,26592.995
"3000",2999,26462.025
"3001",3000,27410.065
"3002",3001,27223.69
"3003",3002,27040.535
"3004",3003,26864.95
"3005",3004,27134.66
"3006",3005,26937.165
"3007",3006,26716.22
"3008",3007,26629.505
"3009",3008,27658.125
"3010",3009,27252.49
"3011",3010,27010.57
"3012",3011,26829.21
"3013",3012,27020.125
"3014",3013,26882.48
"3015",3014,26669.655
"3016",3015,26513.415
"3017",3016,27453.025
"3018",3017,27240.725
"3019",3018,27042.405
"3020",3019,26834.61
"3021",3020,27123.96
"3022",3021,26947.01
"3023",3022,26702.58
"3024",3023,26608
"3025",3024,27613.735
"3026",3025,27254.085
"3027",3026,27046.015
"3028",3027,26863.45
"3029",3028,27053.245
"3030",3029,26928.215
"3031",3030,26708.76
"3032",3031,26552.615
"3033",3032,27500.115
"3034",3033,27309.33
"3035",3034,27084.4
"3036",3035,26943.76
"3037",3036,27186.62
"3038",3037,26989.23
"3039",3038,26743.08
"3040",3039,26636.045
"3041",3040,27802.645
"3042",3041,27324.765
"3043",3042,27105.805
"3044",3043,26961.815
"3045",3044,27121.615
"3046",3045,26943.21
"3047",3046,26724.995
"3048",3047,26645.55
"3049",3048,27567.27
"3050",3049,27348.9
"3051",3050,27110.02
"3052",3051,26982.46
"3053",3052,27264.085
"3054",3053,27045.38
"3055",3054,26807.69
"3056",3055,26727.19
"3057",3056,27847.43
"3058",3057,27384.105
"3059",3058,27113.27
"3060",3059,26897.165
"3061",3060,27069.32
"3062",3061,26911.885
"3063",3062,26680.615
"3064",3063,26633.235
"3065",3064,27615.83
"3066",3065,26856.095
"3067",3066,26323.865
"3068",3067,26202.07
"3069",3068,26329.83
"3070",3069,26244.175
"3071",3070,25935.075
"3072",3071,26114.51
"3073",3072,27244.855
"3074",3073,26338.71
"3075",3074,26027.21
"3076",3075,26046.745
"3077",3076,26183.375
"3078",3077,25992.835
"3079",3078,25742.34
"3080",3079,25671.38
"3081",3080,26873.455
"3082",3081,26617.69
"3083",3082,26418.68
"3084",3083,26216.51
"3085",3084,26520.835
"3086",3085,26350.69
"3087",3086,26234.485
"3088",3087,26128.81
"3089",3088,27098.15
"3090",3089,26714.455
"3091",3090,26499.47
"3092",3091,26354.5
"3093",3092,26512.3
"3094",3093,26400.515
"3095",3094,26231.16
"3096",3095,26126.275
"3097",3096,26924.745
"3098",3097,26742.575
"3099",3098,26559.85
"3100",3099,26359.66
"3101",3100,26599.045
"3102",3101,26474.635
"3103",3102,26312.11
"3104",3103,26129.21
"3105",3104,27106.265
"3106",3105,26768.59
"3107",3106,26532.655
"3108",3107,26400.49
"3109",3108,26552.12
"3110",3109,26454.03
"3111",3110,26261.665
"3112",3111,26165.2
"3113",3112,26935.81
"3114",3113,26790.005
"3115",3114,26560.505
"3116",3115,26436.665
"3117",3116,26587.83
"3118",3117,26431.59
"3119",3118,25420.275
"3120",3119,22406.5
"3121",3120,25427.975
"3122",3121,24124.44
"3123",3122,23754.86
"3124",3123,24408.195
"3125",3124,26137.91
"3126",3125,26391.955
"3127",3126,26241.67
"3128",3127,26136.335
"3129",3128,26967.14
"3130",3129,26751.4
"3131",3130,26608.885
"3132",3131,26461.925
"3133",3132,26646.235
"3134",3133,26516.775
"3135",3134,26332.23
"3136",3135,26231.83
"3137",3136,27098.2
"3138",3137,26813.73
"3139",3138,26604.405
"3140",3139,26455.505
"3141",3140,26567.61
"3142",3141,26480.835
"3143",3142,26309.215
"3144",3143,26213.54
"3145",3144,26963.995
"3146",3145,26800.99
"3147",3146,26577.96
"3148",3147,26426.645
"3149",3148,26687.81
"3150",3149,26569.68
"3151",3150,26355.265
"3152",3151,26260.81
"3153",3152,27150.315
"3154",3153,26870.615
"3155",3154,26647.035
"3156",3155,26493.875
"3157",3156,26585.37
"3158",3157,26435.255
"3159",3158,26308.09
"3160",3159,26196.63
"3161",3160,27068.585
"3162",3161,26909.105
"3163",3162,26698.785
"3164",3163,26539.16
"3165",3164,26771.325
"3166",3165,26622.505
"3167",3166,26428.425
"3168",3167,26335.27
"3169",3168,27287.585
"3170",3169,26940.61
"3171",3170,26724.575
"3172",3171,26575.215
"3173",3172,26643.41
"3174",3173,26511.285
"3175",3174,26310.695
"3176",3175,26218.795
"3177",3176,27034.275
"3178",3177,26905.54
"3179",3178,26739.835
"3180",3179,26617.28
"3181",3180,26848.94
"3182",3181,26668.945
"3183",3182,26490.485
"3184",3183,26367.455
"3185",3184,27330.71
"3186",3185,26985.915
"3187",3186,26776.65
"3188",3187,26637.1
"3189",3188,26784.055
"3190",3189,26649.105
"3191",3190,26460.65
"3192",3191,26380.87
"3193",3192,27220.26
"3194",3193,27024.5
"3195",3194,26798.85
"3196",3195,26654.81
"3197",3196,26854.905
"3198",3197,26602.09
"3199",3198,26390.715
"3200",3199,26304.615
"3201",3200,27437.565
"3202",3201,26976.085
"3203",3202,26755.405
"3204",3203,26624.08
"3205",3204,26811.665
"3206",3205,26725.745
"3207",3206,26541.97
"3208",3207,26438.455
"3209",3208,27252.975
"3210",3209,27075.895
"3211",3210,26843.385
"3212",3211,26695.675
"3213",3212,26962.87
"3214",3213,26780.575
"3215",3214,26564.94
"3216",3215,26486.895
"3217",3216,27444.805
"3218",3217,26992.075
"3219",3218,26727.51
"3220",3219,26678.27
"3221",3220,26754.445
"3222",3221,26735.695
"3223",3222,26514.58
"3224",3223,26425.41
"3225",3224,27241.49
"3226",3225,27070.25
"3227",3226,26860.04
"3228",3227,26719.575
"3229",3228,26967.655
"3230",3229,26833.85
"3231",3230,26616.11
"3232",3231,26526.715
"3233",3232,27549.965
"3234",3233,27099.09
"3235",3234,26886.455
"3236",3235,26748.97
"3237",3236,26888.32
"3238",3237,26779.94
"3239",3238,26526.185
"3240",3239,26386.285
"3241",3240,27238.77
"3242",3241,26170.385
"3243",3242,26029.495
"3244",3243,26355.73
"3245",3244,26329.86
"3246",3245,26736.395
"3247",3246,26480.01
"3248",3247,26443.965
"3249",3248,27551.375
"3250",3249,27112.605
"3251",3250,26874.51
"3252",3251,26751.96
"3253",3252,26885.115
"3254",3253,26762.86
"3255",3254,26558.035
"3256",3255,26494.475
"3257",3256,27338.57
"3258",3257,27091.57
"3259",3258,26849.275
"3260",3259,26780.365
"3261",3260,26964.285
"3262",3261,26878.685
"3263",3262,26621.9
"3264",3263,26583.265
"3265",3264,27559.34
"3266",3265,27149.475
"3267",3266,26909.77
"3268",3267,26784.475
"3269",3268,26900.36
"3270",3269,26813.945
"3271",3270,26615.135
"3272",3271,26543.76
"3273",3272,27368.84
"3274",3273,27097.855
"3275",3274,25809.7
"3276",3275,23793.08
"3277",3276,23523.8
"3278",3277,21485.445
"3279",3278,22325.965
"3280",3279,23234.785
"3281",3280,26779.925
"3282",3281,27123.64
"3283",3282,26921.305
"3284",3283,26816.85
"3285",3284,26957.62
"3286",3285,26875.475
"3287",3286,26617.37
"3288",3287,26563.85
"3289",3288,27396.415
"3290",3289,27184.325
"3291",3290,26955.125
"3292",3291,26845.775
"3293",3292,27254.24
"3294",3293,26865.94
"3295",3294,26656.425
"3296",3295,26628.26
"3297",3296,27633.25
"3298",3297,27206.825
"3299",3298,26961.16
"3300",3299,26862.91
"3301",3300,26977.185
"3302",3301,26853.92
"3303",3302,26640.035
"3304",3303,26576.525
"3305",3304,27418.39
"3306",3305,27224.665
"3307",3306,27000.115
"3308",3307,26899.135
"3309",3308,27134.77
"3310",3309,26982.205
"3311",3310,26721.195
"3312",3311,26613.025
"3313",3312,27689.595
"3314",3313,27233.225
"3315",3314,27000.295
"3316",3315,26894.575
"3317",3316,27052.265
"3318",3317,26926.275
"3319",3318,26714.405
"3320",3319,26644.24
"3321",3320,27543.425
"3322",3321,27202.31
"3323",3322,26933.415
"3324",3323,26831.535
"3325",3324,27097.41
"3326",3325,26345.255
"3327",3326,25698.56
"3328",3327,25849.02
"3329",3328,27491.12
"3330",3329,26491.13
"3331",3330,25847.47
"3332",3331,26136.38
"3333",3332,26721.88
"3334",3333,26590.52
"3335",3334,26373.895
"3336",3335,26385.765
"3337",3336,27260.36
"3338",3337,27011.98
"3339",3338,26803.875
"3340",3339,26676.37
"3341",3340,26912.965
"3342",3341,26776.77
"3343",3342,26544.71
"3344",3343,26406.05
"3345",3344,27406.95
"3346",3345,26988.72
"3347",3346,26786.205
"3348",3347,26676.85
"3349",3348,26816.1
"3350",3349,26704.8
"3351",3350,26503.66
"3352",3351,26455.965
"3353",3352,27240.465
"3354",3353,27038.1
"3355",3354,26838.655
"3356",3355,26714.02
"3357",3356,26933.1
"3358",3357,26809.85
"3359",3358,26579.23
"3360",3359,26470.635
"3361",3360,27426.455
"3362",3361,26969.45
"3363",3362,26776.625
"3364",3363,26642.33
"3365",3364,26801.75
"3366",3365,26704.43
"3367",3366,26492.335
"3368",3367,26473.02
"3369",3368,27294.615
"3370",3369,27093.53
"3371",3370,26875.56
"3372",3371,26776.49
"3373",3372,26987.81
"3374",3373,26833.345
"3375",3374,26598.56
"3376",3375,26553.105
"3377",3376,27470.74
"3378",3377,26998.255
"3379",3378,26760.05
"3380",3379,26705.44
"3381",3380,27040.95
"3382",3381,26698.805
"3383",3382,26564.69
"3384",3383,26511.955
"3385",3384,27327.05
"3386",3385,27125.425
"3387",3386,26898.955
"3388",3387,26759.765
"3389",3388,26991.385
"3390",3389,26801.965
"3391",3390,26595.82
"3392",3391,26555.44
"3393",3392,27451.87
"3394",3393,27103.675
"3395",3394,26877.465
"3396",3395,26781.805
"3397",3396,26906.935
"3398",3397,26810.91
"3399",3398,26588.105
"3400",3399,26512.38
"3401",3400,27341.94
"3402",3401,27137.985
"3403",3402,26917.98
"3404",3403,26806.92
"3405",3404,27039.185
"3406",3405,26859.54
"3407",3406,26630.06
"3408",3407,26597.49
"3409",3408,27529.045
"3410",3409,27057.62
"3411",3410,26757.285
"3412",3411,26704.5
"3413",3412,26115.05
"3414",3413,26298.505
"3415",3414,26049.315
"3416",3415,25740.08
"3417",3416,27240.345
"3418",3417,27030.84
"3419",3418,26904.925
"3420",3419,26819.69
"3421",3420,27041.9
"3422",3421,26912.085
"3423",3422,26669.06
"3424",3423,26612.155
"3425",3424,27535.685
"3426",3425,27130.97
"3427",3426,26882.765
"3428",3427,26810.85
"3429",3428,26939.38
"3430",3429,26853.815
"3431",3430,26619.325
"3432",3431,26576.585
"3433",3432,27353.155
"3434",3433,27160.61
"3435",3434,26935.205
"3436",3435,26830.215
"3437",3436,27027.205
"3438",3437,26832.73
"3439",3438,26535.085
"3440",3439,26552.405
"3441",3440,27575.28
"3442",3441,27135.88
"3443",3442,26941.005
"3444",3443,26816.335
"3445",3444,26946.41
"3446",3445,26818.485
"3447",3446,25993.54
"3448",3447,23288.975
"3449",3448,25918.655
"3450",3449,24375.345
"3451",3450,23390.695
"3452",3451,23740.58
"3453",3452,25581.345
"3454",3453,26537.54
"3455",3454,26620.655
"3456",3455,26614.5
"3457",3456,27676.515
"3458",3457,27234.345
"3459",3458,26971.875
"3460",3459,26846.495
"3461",3460,27086.99
"3462",3461,26956.39
"3463",3462,26751.905
"3464",3463,26685.36
"3465",3464,27521.205
"3466",3465,27285.245
"3467",3466,27075.7
"3468",3467,26926.17
"3469",3468,27195.94
"3470",3469,27019.62
"3471",3470,26769.055
"3472",3471,26732.21
"3473",3472,27697.245
"3474",3473,27249.595
"3475",3474,27059.865
"3476",3475,26934.93
"3477",3476,27067.585
"3478",3477,26964.9
"3479",3478,26727.395
"3480",3479,26582.46
"3481",3480,27383.75
"3482",3481,27156
"3483",3482,26937.925
"3484",3483,26883.04
"3485",3484,27071.77
"3486",3485,26975.475
"3487",3486,26742.795
"3488",3487,26706.125
"3489",3488,27642.035
"3490",3489,27181.615
"3491",3490,26991.32
"3492",3491,26840.22
"3493",3492,27018.655
"3494",3493,26889.68
"3495",3494,26691.005
"3496",3495,26577.565
"3497",3496,27454.88
"3498",3497,27111.73
"3499",3498,26903.775
"3500",3499,26839.21
"3501",3500,27039.4
"3502",3501,26950.18
"3503",3502,26682.71
"3504",3503,26673.535
"3505",3504,27649.045
"3506",3505,27202.885
"3507",3506,27008.925
"3508",3507,26865.22
"3509",3508,27016.56
"3510",3509,26837.76
"3511",3510,26612.415
"3512",3511,26508.025
"3513",3512,27396.875
"3514",3513,27203.055
"3515",3514,27023.77
"3516",3515,26893.32
"3517",3516,27176.765
"3518",3517,26975.52
"3519",3518,26738.54
"3520",3519,26703.255
"3521",3520,27656.83
"3522",3521,27233.655
"3523",3522,27018.64
"3524",3523,26903.38
"3525",3524,27083.95
"3526",3525,26924.715
"3527",3526,26709.625
"3528",3527,26626.32
"3529",3528,27479.97
"3530",3529,27216.01
"3531",3530,27056.805
"3532",3531,26883.965
"3533",3532,27200.005
"3534",3533,26988.175
"3535",3534,26710.665
"3536",3535,26685.64
"3537",3536,27669.53
"3538",3537,27236.04
"3539",3538,27065.855
"3540",3539,26905.325
"3541",3540,27082.39
"3542",3541,26914.655
"3543",3542,26633.565
"3544",3543,26551.03
"3545",3544,27478.33
"3546",3545,27271.315
"3547",3546,27087.095
"3548",3547,26976.425
"3549",3548,27246.38
"3550",3549,27044
"3551",3550,26782.08
"3552",3551,26728.275
"3553",3552,27802.69
"3554",3553,27302.85
"3555",3554,27120.625
"3556",3555,26981.24
"3557",3556,27186.91
"3558",3557,26990.805
"3559",3558,26780.355
"3560",3559,26755.245
"3561",3560,27650.81
"3562",3561,27360.14
"3563",3562,27155.78
"3564",3563,27009.755
"3565",3564,27306.64
"3566",3565,27095.88
"3567",3566,26850.04
"3568",3567,26827.505
"3569",3568,27905.77
"3570",3569,27379.555
"3571",3570,27126.28
"3572",3571,26959.81
"3573",3572,27099.04
"3574",3573,26954.32
"3575",3574,26698.82
"3576",3575,26687.43
"3577",3576,27604.74
"3578",3577,26839.62
"3579",3578,26335.745
"3580",3579,26259.82
"3581",3580,26386.225
"3582",3581,26305.96
"3583",3582,26007.325
"3584",3583,26220.415
"3585",3584,27258.54
"3586",3585,26472.125
"3587",3586,26136.63
"3588",3587,26206.965
"3589",3588,26370.565
"3590",3589,26113.24
"3591",3590,25839.85
"3592",3591,25788.65
"3593",3592,27017.12
"3594",3593,26729.14
"3595",3594,26538.175
"3596",3595,26424.275
"3597",3596,26707.87
"3598",3597,26520.635
"3599",3598,26405.285
"3600",3599,26311.54
"3601",3600,27333.14
"3602",3601,26832.785
"3603",3602,26595.84
"3604",3603,26500.06
"3605",3604,26699.03
"3606",3605,26557.99
"3607",3606,26372.755
"3608",3607,26293.84
"3609",3608,27141.645
"3610",3609,26863.99
"3611",3610,26651.68
"3612",3611,26527.035
"3613",3612,26779.085
"3614",3613,26629.55
"3615",3614,26444.91
"3616",3615,26334.425
"3617",3616,27348.175
"3618",3617,26863.69
"3619",3618,26674.315
"3620",3619,26528.46
"3621",3620,26727.93
"3622",3621,26576.205
"3623",3622,26388.795
"3624",3623,26311.215
"3625",3624,27117.09
"3626",3625,26854.08
"3627",3626,26691.175
"3628",3627,26576.495
"3629",3628,26778.27
"3630",3629,26625.8
"3631",3630,26431.355
"3632",3631,26357.07
"3633",3632,27280.68
"3634",3633,26845.8
"3635",3634,26630.345
"3636",3635,26539.555
"3637",3636,26675.49
"3638",3637,26238.12
"3639",3638,24509.42
"3640",3639,22165.08
"3641",3640,25680.6
"3642",3641,24116.4
"3643",3642,23528.315
"3644",3643,23736.875
"3645",3644,25581.215
"3646",3645,26469.67
"3647",3646,26379.825
"3648",3647,26351.465
"3649",3648,27263.78
"3650",3649,26890.625
"3651",3650,26690.235
"3652",3651,26576.29
"3653",3652,26745.665
"3654",3653,26611.48
"3655",3654,26436.61
"3656",3655,26357.13
"3657",3656,27118.985
"3658",3657,26863.075
"3659",3658,26639.095
"3660",3659,26535.53
"3661",3660,26825.915
"3662",3661,26667.155
"3663",3662,26436.115
"3664",3663,26380.035
"3665",3664,27303.445
"3666",3665,26895.975
"3667",3666,26665.635
"3668",3667,26524.46
"3669",3668,26640.95
"3670",3669,26491.005
"3671",3670,26357.305
"3672",3671,26262.18
"3673",3672,27132.34
"3674",3673,26909.245
"3675",3674,26736.04
"3676",3675,26607.79
"3677",3676,26828.605
"3678",3677,26658.255
"3679",3678,26459.86
"3680",3679,26403.805
"3681",3680,27358.715
"3682",3681,26909.155
"3683",3682,26730.05
"3684",3683,26595.73
"3685",3684,26709.875
"3686",3685,26555.625
"3687",3686,26360.355
"3688",3687,26289.085
"3689",3688,27091.86
"3690",3689,26933.79
"3691",3690,26803.63
"3692",3691,26686.075
"3693",3692,26924.695
"3694",3693,26762.285
"3695",3694,26555.96
"3696",3695,26489.065
"3697",3696,27432.1
"3698",3697,27006.64
"3699",3698,26843.285
"3700",3699,26745.355
"3701",3700,26912.655
"3702",3701,26754.265
"3703",3702,26565.58
"3704",3703,26517.805
"3705",3704,27317.395
"3706",3705,27071.79
"3707",3706,26882.505
"3708",3707,26782.06
"3709",3708,27021.05
"3710",3709,26746.775
"3711",3710,26511.55
"3712",3711,26456.61
"3713",3712,27518.14
"3714",3713,27043.02
"3715",3714,26801.91
"3716",3715,26709.1
"3717",3716,26917.135
"3718",3717,26792.095
"3719",3718,26596.685
"3720",3719,26538.5
"3721",3720,27345.02
"3722",3721,27094.005
"3723",3722,26897.155
"3724",3723,26793.43
"3725",3724,27047.79
"3726",3725,26865.025
"3727",3726,26656.37
"3728",3727,26603.34
"3729",3728,27568.305
"3730",3729,27067.265
"3731",3730,26824.745
"3732",3731,26772.22
"3733",3732,26880.685
"3734",3733,26828.115
"3735",3734,26623.97
"3736",3735,26576.17
"3737",3736,27371.53
"3738",3737,27126.07
"3739",3738,26935.13
"3740",3739,26822.355
"3741",3740,27093.89
"3742",3741,26903.42
"3743",3742,26700.365
"3744",3743,26552.645
"3745",3744,27248.675
"3746",3745,26695.79
"3747",3746,26619.15
"3748",3747,26797.685
"3749",3748,26989.09
"3750",3749,26871.81
"3751",3750,26629.265
"3752",3751,26518.32
"3753",3752,27311.495
"3754",3753,26219.2
"3755",3754,26112.85
"3756",3755,26493.41
"3757",3756,26407.145
"3758",3757,26847.64
"3759",3758,26605.64
"3760",3759,26593.695
"3761",3760,27649.225
"3762",3761,27186.845
"3763",3762,26960.41
"3764",3763,26885.3
"3765",3764,27013.89
"3766",3765,26907.275
"3767",3766,26694.76
"3768",3767,26665.41
"3769",3768,27431.335
"3770",3769,27173.515
"3771",3770,26959.21
"3772",3771,26905.945
"3773",3772,27091.955
"3774",3773,26978.42
"3775",3774,26749.835
"3776",3775,26738.81
"3777",3776,27643.77
"3778",3777,27231.915
"3779",3778,26974.875
"3780",3779,26883.36
"3781",3780,27024.42
"3782",3781,26900.275
"3783",3782,26704.785
"3784",3783,26698.17
"3785",3784,27462.76
"3786",3785,27229.525
"3787",3786,26990.55
"3788",3787,26846.715
"3789",3788,27041.04
"3790",3789,26954.295
"3791",3790,26691.14
"3792",3791,26649.665
"3793",3792,27665.965
"3794",3793,27227.385
"3795",3794,27000.36
"3796",3795,26939.675
"3797",3796,27075.65
"3798",3797,26967.645
"3799",3798,26732.64
"3800",3799,26711.035
"3801",3800,27452.715
"3802",3801,27264.385
"3803",3802,27039.93
"3804",3803,26957.975
"3805",3804,27384.725
"3806",3805,27009.09
"3807",3806,26810.895
"3808",3807,26796.13
"3809",3808,27718.16
"3810",3809,27286.865
"3811",3810,27057.195
"3812",3811,26974.33
"3813",3812,27127.28
"3814",3813,27003.15
"3815",3814,26761.35
"3816",3815,26728.725
"3817",3816,27477.305
"3818",3817,27287.53
"3819",3818,27068.5
"3820",3819,27011.94
"3821",3820,27236.805
"3822",3821,27064.54
"3823",3822,26829.33
"3824",3823,26764.18
"3825",3824,27724.74
"3826",3825,27296.065
"3827",3826,27057.83
"3828",3827,26987.265
"3829",3828,27148.8
"3830",3829,27022.715
"3831",3830,26800.465
"3832",3831,26794.595
"3833",3832,27607.14
"3834",3833,27253.675
"3835",3834,27009.13
"3836",3835,26953.23
"3837",3836,27210.13
"3838",3837,26440.5
"3839",3838,25803.505
"3840",3839,25973.24
"3841",3840,27561.015
"3842",3841,26582.29
"3843",3842,26002.525
"3844",3843,26277.595
"3845",3844,26892.08
"3846",3845,26763.95
"3847",3846,26540.57
"3848",3847,26533.605
"3849",3848,27371.53
"3850",3849,27065.87
"3851",3850,26874.245
"3852",3851,26399.45
"3853",3852,25540.87
"3854",3853,23759.685
"3855",3854,22168.51
"3856",3855,20031.99
"3857",3856,25559.17
"3858",3857,25163.285
"3859",3858,25081.675
"3860",3859,26186.315
"3861",3860,26865.77
"3862",3861,26793.55
"3863",3862,26607.17
"3864",3863,26567.6
"3865",3864,27345.28
"3866",3865,27120.29
"3867",3866,26924.515
"3868",3867,26813.03
"3869",3868,27074.85
"3870",3869,26925.15
"3871",3870,26712.155
"3872",3871,26668.02
"3873",3872,27576.665
"3874",3873,27132.85
"3875",3874,26937.695
"3876",3875,26776.485
"3877",3876,26934.54
"3878",3877,26823.89
"3879",3878,26587.535
"3880",3879,26628.435
"3881",3880,27386.12
"3882",3881,27136.2
"3883",3882,26962.58
"3884",3883,26878.58
"3885",3884,27093.22
"3886",3885,26938
"3887",3886,26704.43
"3888",3887,26679.74
"3889",3888,27565.01
"3890",3889,27071.13
"3891",3890,26816.37
"3892",3891,26789.21
"3893",3892,27153.43
"3894",3893,26787.73
"3895",3894,26670.905
"3896",3895,26635.875
"3897",3896,27393.095
"3898",3897,27152.73
"3899",3898,26961.97
"3900",3899,26855.945
"3901",3900,27099.48
"3902",3901,26890.61
"3903",3902,26709.96
"3904",3903,26708.93
"3905",3904,27516.275
"3906",3905,27163.275
"3907",3906,26945.76
"3908",3907,26860.205
"3909",3908,26990.4
"3910",3909,26890.145
"3911",3910,26671.74
"3912",3911,26642.675
"3913",3912,27398.005
"3914",3913,27153.795
"3915",3914,26945.17
"3916",3915,26876.61
"3917",3916,27126.08
"3918",3917,26954.775
"3919",3918,26704.18
"3920",3919,26702.565
"3921",3920,27601.86
"3922",3921,27080.67
"3923",3922,26844.08
"3924",3923,26789.14
"3925",3924,26205.035
"3926",3925,26362.47
"3927",3926,26128.78
"3928",3927,25842.04
"3929",3928,27318.73
"3930",3929,27060.005
"3931",3930,26953.36
"3932",3931,26872.7
"3933",3932,27109.75
"3934",3933,26954.055
"3935",3934,26711.555
"3936",3935,26706.41
"3937",3936,27624.87
"3938",3937,27182.895
"3939",3938,26961.93
"3940",3939,26882.15
"3941",3940,27015.265
"3942",3941,26932.495
"3943",3942,26712
"3944",3943,26665.77
"3945",3944,27449.37
"3946",3945,27190.755
"3947",3946,26968.845
"3948",3947,26892.73
"3949",3948,27103.405
"3950",3949,26914.74
"3951",3950,26628.25
"3952",3951,26656.825
"3953",3952,27616.905
"3954",3953,27162.445
"3955",3954,26980.1
"3956",3955,26885.29
"3957",3956,27036.88
"3958",3957,26923.185
"3959",3958,26702.74
"3960",3959,26681.48
"3961",3960,27446.05
"3962",3961,27188.255
"3963",3962,27002.62
"3964",3963,26911.05
"3965",3964,27153.995
"3966",3965,26918.095
"3967",3966,26647.745
"3968",3967,26617.815
"3969",3968,27563.325
"3970",3969,27161.125
"3971",3970,26726.895
"3972",3971,26327.595
"3973",3972,26331.665
"3974",3973,26487.85
"3975",3974,26615.145
"3976",3975,26691.865
"3977",3976,27502.505
"3978",3977,27251.145
"3979",3978,27067.945
"3980",3979,26926.1
"3981",3980,27195.48
"3982",3981,27024.35
"3983",3982,26792.69
"3984",3983,26777.375
"3985",3984,27672.18
"3986",3985,27234.32
"3987",3986,27067.715
"3988",3987,26929.575
"3989",3988,27098.205
"3990",3989,26979.81
"3991",3990,26769.775
"3992",3991,26654.565
"3993",3992,27440.91
"3994",3993,27166.81
"3995",3994,26947.73
"3996",3995,26923.7
"3997",3996,27088.33
"3998",3997,27020.33
"3999",3998,26787.92
"4000",3999,26773.025
"4001",4000,27695.245
"4002",4001,27217.755
"4003",4002,27050.49
"4004",4003,26931.62
"4005",4004,27119.475
"4006",4005,26973.01
"4007",4006,26781.095
"4008",4007,26692.2
"4009",4008,27539.975
"4010",4009,27163
"4011",4010,26966.955
"4012",4011,26885.845
"4013",4012,27082.155
"4014",4013,27000.71
"4015",4014,26789.41
"4016",4015,26774.28
"4017",4016,27678.87
"4018",4017,27210.655
"4019",4018,27051.095
"4020",4019,26925.775
"4021",4020,27114.675
"4022",4021,26920.27
"4023",4022,26697.685
"4024",4023,26653.135
"4025",4024,27481.145
"4026",4025,27220.03
"4027",4026,27060.525
"4028",4027,26976.27
"4029",4028,27254.4
"4030",4029,27041.51
"4031",4030,26815.345
"4032",4031,26814.33
"4033",4032,27707.075
"4034",4033,27248.35
"4035",4034,27067.825
"4036",4035,26953.955
"4037",4036,27168.71
"4038",4037,27011.075
"4039",4038,26792.72
"4040",4039,26728.145
"4041",4040,27554.01
"4042",4041,27266.465
"4043",4042,27149.985
"4044",4043,27028.68
"4045",4044,27313.4
"4046",4045,27116.655
"4047",4046,26852.885
"4048",4047,26884.185
"4049",4048,27817.87
"4050",4049,27375.73
"4051",4050,27204.08
"4052",4051,27118.13
"4053",4052,27332.365
"4054",4053,27163.655
"4055",4054,26955.96
"4056",4055,26919.15
"4057",4056,27788.445
"4058",4057,27467.93
"4059",4058,27304.145
"4060",4059,27227.935
"4061",4060,27520.265
"4062",4061,27328.685
"4063",4062,27045.1
"4064",4063,27015.24
"4065",4064,28067.425
"4066",4065,27520.715
"4067",4066,27359.32
"4068",4067,27247.355
"4069",4068,27482.745
"4070",4069,27253.92
"4071",4070,27039.74
"4072",4071,27021.955
"4073",4072,27934.9
"4074",4073,27581.195
"4075",4074,27376.095
"4076",4075,27288.665
"4077",4076,27638.98
"4078",4077,27402.825
"4079",4078,27145.08
"4080",4079,27169.71
"4081",4080,28207.65
"4082",4081,27627.13
"4083",4082,27410.145
"4084",4083,27263.07
"4085",4084,27519.565
"4086",4085,27333.18
"4087",4086,27087.385
"4088",4087,27128.67
"4089",4088,28131.715
"4090",4089,27259.5
"4091",4090,26804.16
"4092",4091,26674.34
"4093",4092,26176.57
"4094",4093,23607.985
"4095",4094,21856.465
"4096",4095,20875.775
"4097",4096,26568.715
